code,dividend,dividend_times
000001,344.52,23
000002,1031.53,31
000004,0.19,5
000005,0.2,2
000006,28.59,30
000007,0.23,4
000008,2.27,6
000009,9.3,20
000010,0.13,2
000011,20.49,15
000012,77.9,28
000014,1.41,25
000016,25.56,23
000017,0.53,3
000019,12.89,13
000020,1.03,5
000021,34.61,30
000023,1.27,20
000025,0.68,6
000026,11.81,24
000027,111.18,28
000028,21.37,21
000029,11.81,9
000030,30.53,12
000031,20.98,21
000032,6.5,27
000034,9.06,8
000035,2.39,1
000036,27.47,11
000037,13.69,13
000039,171.25,28
000040,3.19,12
000042,15.17,28
000045,1.46,8
000048,21.91,8
000049,11.85,16
000050,14.24,21
000055,12.44,18
000056,0.86,4
000058,4.05,12
000059,24.02,12
000060,38.56,25
000061,14.37,21
000062,23.3,24
000063,120.75,22
000065,5.81,19
000066,18.56,20
000068,1.69,5
000069,165.03,21
000070,2.55,11
000078,2.75,4
000088,55.43,26
000089,24.28,19
000090,42.56,23
000096,10.87,21
000099,7.01,22
000100,121.92,13
000151,9.48,19
000153,1.71,7
000155,5.44,9
000156,28.63,10
000157,237.42,25
000158,4.69,12
000159,3.94,18
000166,143.76,8
000301,37.68,19
000333,867.03,10
000338,253.17,29
000400,13.01,20
000401,58.33,19
000402,109.85,24
000403,1.76,6
000404,5.3,13
000407,2.76,12
000408,63.95,6
000409,0.44,1
000410,0.72,4
000411,1.73,5
000413,17.96,7
000415,11.5,7
000416,2.91,14
000417,14.16,25
000419,8.03,15
000420,2.3,6
000421,5.96,19
000422,7.82,17
000423,65.87,24
000425,82.61,20
000426,1.8,9
000428,3.28,11
000429,90.22,26
000430,0.32,2
000488,64.07,21
000498,8.42,6
000501,14.43,15
000503,0.4,2
000504,0.16,2
000505,0.75,3
000506,0.78,3
000507,6.54,19
000509,0.48,2
000510,1.24,5
000513,82.99,23
000514,2.75,16
000516,5.76,16
000517,23.5,13
000518,0.51,6
000519,3.47,9
000520,6.89,14
000521,7.58,17
000523,1.3,12
000524,6.45,12
000525,11.45,18
000526,0.0,0
000528,41.77,23
000529,7.34,12
000530,11.43,29
000531,21.81,25
000532,3.22,18
000533,4.01,9
000534,5.43,22
000536,15.92,8
000537,20.29,14
000538,207.56,30
000539,130.62,29
000541,54.87,30
000543,33.95,26
000544,14.11,10
000545,1.53,7
000546,4.85,6
000547,5.58,14
000548,3.06,14
000550,130.16,25
000551,4.54,15
000552,21.82,17
000553,9.23,16
000554,4.37,13
000555,3.13,10
000557,1.52,1
000558,1.07,5
000559,74.97,27
000560,5.19,14
000561,0.64,3
000563,11.09,22
000564,4.49,15
000565,1.71,17
000566,4.66,8
000567,8.91,5
000568,353.54,27
000570,6.28,18
000571,3.8,10
000572,1.53,4
000573,4.16,10
000576,2.16,6
000581,102.3,27
000582,19.43,13
000584,4.43,6
000586,0.06,1
000589,8.76,15
000590,0.97,5
000591,23.04,12
000592,0.27,1
000593,0.79,6
000595,0.0,0
000596,70.56,21
000597,2.67,6
000598,24.07,18
000599,1.75,13
000600,35.33,22
000601,19.07,24
000603,11.77,4
000605,0.52,9
000607,1.52,10
000608,1.54,7
000609,1.16,7
000610,1.1,16
000612,14.64,17
000615,1.32,6
000617,121.57,16
000619,5.01,20
000620,14.29,7
000622,0.04,1
000623,32.04,19
000625,178.06,23
000626,1.95,2
000627,17.17,14
000628,0.63,4
000629,35.78,14
000630,48.7,26
000631,29.35,12
000632,0.93,3
000633,0.16,1
000635,6.08,14
000636,13.46,21
000637,10.33,24
000638,0.0,0
000639,3.7,11
000650,14.73,13
000651,1121.57,28
000652,10.22,20
000655,4.3,11
000656,99.74,12
000657,3.35,4
000659,6.29,13
000661,19.37,13
000663,0.93,4
000665,3.33,9
000668,1.45,18
000669,2.9,6
000670,0.23,1
000672,29.67,12
000676,2.1,9
000677,0.58,5
000678,0.0,0
000679,6.0,19
000680,9.99,15
000681,1.68,10
000682,4.36,5
000683,12.73,7
000685,36.04,23
000686,29.14,16
000688,4.65,7
000690,39.34,26
000691,0.0,0
000692,0.65,4
000695,0.64,5
000697,0.5,4
000698,2.64,6
000700,12.47,23
000701,3.41,12
000702,1.64,5
000703,51.13,11
000705,1.88,16
000707,1.23,6
000708,155.19,16
000709,130.02,19
000710,0.16,1
000711,0.56,8
000712,5.54,12
000713,3.03,21
000715,4.35,21
000716,1.36,6
000717,27.72,15
000718,46.97,16
000719,22.87,12
000720,1.48,5
000721,1.16,9
000722,2.08,8
000723,19.75,8
000725,191.86,15
000726,53.58,26
000727,1.34,5
000728,89.59,21
000729,36.78,25
000731,13.74,20
000733,11.31,15
000735,1.53,8
000736,4.19,12
000737,2.14,3
000738,4.59,12
000739,16.89,19
000750,29.57,13
000751,1.12,2
000752,0.68,12
000753,2.74,11
000755,2.28,5
000756,8.27,25
000757,0.12,1
000758,9.88,21
000759,9.19,22
000761,91.76,20
000762,3.36,7
000766,2.1,1
000767,14.96,12
000768,31.78,18
000776,332.82,15
000777,4.69,20
000778,83.53,25
000779,1.62,6
000782,3.09,21
000783,121.81,17
000785,32.28,8
000786,66.9,25
000788,1.02,7
000789,34.02,18
000790,2.17,18
000791,8.94,11
000792,53.05,20
000793,7.57,17
000795,1.04,3
000796,0.98,4
000797,6.89,16
000798,2.41,13
000799,16.3,12
000800,91.15,19
000801,3.42,10
000802,1.91,13
000803,0.0,0
000807,27.39,18
000809,1.21,3
000810,10.17,15
000811,10.0,25
000812,1.9,12
000813,4.7,1
000815,0.59,6
000816,1.62,13
000818,6.07,11
000819,3.35,19
000820,0.04,1
000821,3.87,15
000822,12.74,16
000823,9.87,22
000825,125.73,23
000826,10.96,13
000828,45.1,24
000829,2.49,10
000830,89.66,14
000831,2.61,9
000833,4.59,15
000836,0.96,5
000837,1.54,11
000838,3.25,9
000839,25.88,19
000848,35.1,21
000850,11.7,23
000851,0.74,4
000852,8.95,15
000856,0.42,2
000858,760.13,21
000859,2.0,10
000860,12.6,23
000861,5.86,16
000862,0.93,3
000863,18.46,8
000868,1.54,6
000869,87.67,25
000875,5.12,4
000876,62.96,17
000877,77.31,18
000878,28.1,12
000880,2.3,13
000881,6.5,19
000882,6.43,14
000883,70.09,18
000885,4.83,10
000886,5.74,10
000887,22.1,19
000888,7.32,25
000889,1.54,10
000890,2.32,12
000892,0.78,2
000893,0.9,4
000895,549.33,28
000897,3.31,13
000898,227.73,22
000899,17.74,17
000900,34.61,24
000901,1.51,10
000902,20.02,11
000903,13.94,23
000905,8.1,21
000906,12.64,17
000908,1.1,4
000909,1.08,6
000910,7.49,16
000911,9.22,13
000912,15.79,12
000913,8.39,11
000915,7.59,13
000917,6.39,17
000919,18.25,24
000920,5.25,13
000921,38.59,9
000922,3.38,8
000923,5.81,9
000925,0.69,4
000926,17.36,21
000927,6.44,8
000928,15.51,11
000929,0.18,2
000930,20.06,15
000931,2.69,3
000932,81.63,14
000933,58.3,23
000935,6.72,9
000936,6.85,21
000937,140.66,24
000938,16.3,17
000948,3.86,24
000949,5.58,16
000950,6.74,9
000951,29.23,15
000952,1.32,7
000953,0.83,4
000955,0.06,1
000957,3.72,7
000958,15.99,13
000959,78.18,15
000960,12.19,16
000961,43.49,15
000962,2.91,13
000963,66.09,21
000965,2.34,10
000966,9.46,13
000967,19.24,15
000968,8.07,18
000969,8.67,17
000970,14.58,23
000971,1.1,4
000972,0.73,8
000973,7.0,16
000975,41.96,18
000976,2.63,6
000977,10.63,16
000978,4.62,16
000980,0.87,5
000981,32.82,8
000982,1.65,7
000983,180.24,24
000985,2.19,18
000987,50.82,23
000988,7.36,21
000989,38.23,22
000990,10.49,20
000993,1.54,7
000995,0.0,0
000996,0.29,4
000997,19.16,18
000998,12.26,19
000999,61.44,19
001201,1.62,2
001202,1.77,6
001203,10.5,2
001205,0.33,2
001206,2.63,5
001207,1.29,2
001208,0.96,3
001209,1.0,2
001210,1.0,2
001211,0.72,2
001212,0.66,3
001213,2.68,2
001215,0.28,2
001216,1.06,2
001217,1.33,3
001218,1.57,2
001219,1.88,6
001222,0.55,1
001223,0.0,0
001225,1.62,2
001226,1.0,3
001227,12.53,2
001228,0.62,2
001229,0.4,1
001230,0.22,1
001231,0.2,1
001234,1.07,2
001236,0.3,1
001238,0.11,1
001239,0.0,0
001255,0.21,1
001256,0.24,1
001258,0.59,1
001259,0.59,4
001260,0.6,1
001266,0.65,2
001267,2.09,8
001268,0.38,2
001269,0.69,1
001270,0.4,1
001278,0.11,1
001282,0.0,0
001283,0.25,1
001286,13.12,1
001287,1.08,1
001288,0.32,2
001289,22.14,2
001296,1.36,3
001298,0.29,1
001299,1.06,2
001300,0.15,1
001301,2.6,1
001306,0.0,0
001308,7.56,2
001309,0.15,1
001311,1.0,1
001313,0.72,2
001314,0.91,3
001316,0.5,1
001317,1.45,7
001318,0.42,1
001319,0.85,2
001322,1.78,1
001323,8.0,2
001324,0.3,1
001326,0.0,0
001328,1.03,1
001330,0.0,0
001331,0.4,1
001332,2.8,2
001333,0.64,1
001336,0.1,1
001337,0.84,1
001338,0.3,1
001339,0.1,1
001358,0.0,0
001360,0.0,0
001366,0.29,1
001367,0.0,0
001368,0.22,1
001373,0.0,0
001376,0.74,3
001378,0.0,0
001379,0.0,0
001380,0.35,1
001387,0.0,0
001696,29.63,20
001872,93.45,30
001896,4.47,7
001914,14.4,26
001965,104.45,6
001979,343.48,8
002001,119.69,20
002002,12.8,10
002003,34.82,19
002004,40.82,15
002005,2.01,3
002006,1.68,6
002007,44.25,18
002008,31.41,19
002009,1.73,16
002010,26.58,18
002011,7.4,10
002012,1.65,11
002014,22.22,19
002015,8.63,9
002016,18.6,11
002017,3.59,15
002019,10.86,14
002020,15.66,13
002021,1.32,6
002022,16.95,19
002023,3.27,10
002024,68.51,14
002025,10.87,17
002026,3.88,19
002027,209.63,11
002028,18.1,19
002029,8.83,16
002030,47.47,19
002031,3.17,16
002032,113.29,21
002033,7.96,17
002034,9.94,15
002035,16.95,18
002036,2.74,19
002037,4.78,18
002038,19.46,19
002039,11.24,17
002040,2.86,19
002041,5.38,13
002042,21.26,13
002043,17.64,16
002044,5.07,13
002045,4.99,16
002046,2.95,17
002047,3.58,9
002048,34.84,19
002049,6.69,17
002050,60.88,22
002051,29.31,16
002052,0.43,2
002053,4.58,12
002054,5.52,17
002055,1.81,12
002056,24.06,15
002057,4.98,12
002058,0.4,12
002059,2.12,11
002060,10.76,17
002061,13.7,10
002062,10.6,16
002063,6.94,16
002064,33.87,15
002065,25.05,17
002066,0.94,7
002067,2.56,6
002068,7.53,12
002069,11.46,8
002072,0.08,1
002073,2.72,10
002074,7.39,13
002075,8.66,7
002076,1.4,8
002077,1.09,7
002078,32.36,17
002079,3.12,16
002080,43.96,17
002081,38.97,16
002082,5.65,13
002083,16.38,13
002084,2.72,9
002085,32.72,15
002086,0.84,4
002087,2.28,11
002088,19.51,17
002089,2.2,9
002090,3.96,17
002091,29.25,18
002092,22.21,17
002093,1.36,12
002094,1.36,6
002095,2.16,15
002096,3.51,17
002097,5.56,12
002098,2.83,12
002099,18.69,15
002100,15.9,16
002101,6.38,11
002102,1.52,3
002103,3.09,12
002104,5.65,11
002105,4.53,13
002106,14.08,16
002107,4.79,9
002108,12.87,17
002109,6.17,10
002110,98.25,15
002111,9.51,16
002112,0.35,10
002114,0.36,1
002115,3.72,12
002116,9.53,17
002117,17.57,17
002119,1.3,12
002120,23.16,15
002121,2.18,11
002122,5.39,9
002123,1.62,5
002124,11.85,12
002125,1.48,5
002126,4.53,16
002127,10.39,9
002128,83.85,17
002129,12.87,13
002130,3.97,15
002131,3.7,10
002132,5.29,12
002133,8.91,16
002134,0.03,1
002135,4.11,16
002136,1.72,7
002137,1.17,5
002138,16.1,14
002139,6.79,15
002140,6.56,15
002141,0.38,5
002142,259.0,16
002144,3.22,15
002145,5.29,6
002146,118.37,14
002148,2.05,14
002149,4.04,9
002150,5.02,15
002151,3.33,14
002152,38.94,16
002153,7.79,15
002154,17.86,17
002155,7.95,12
002156,3.67,10
002157,28.64,11
002158,16.18,16
002159,0.27,5
002160,2.03,8
002161,1.55,10
002162,0.89,4
002163,1.41,5
002164,1.91,7
002165,4.61,14
002166,2.12,8
002167,0.3,3
002168,1.43,5
002169,4.86,13
002170,3.68,13
002171,10.75,13
002172,0.26,1
002173,0.56,2
002174,3.22,8
002175,0.7,5
002176,1.0,11
002177,1.2,8
002178,1.07,7
002179,26.87,16
002180,9.02,14
002181,5.47,18
002182,5.97,15
002183,12.29,15
002184,3.67,15
002185,6.79,13
002186,8.3,13
002187,13.11,15
002188,0.18,2
002189,2.01,13
002190,3.34,13
002191,42.08,16
002192,2.72,3
002193,0.91,12
002194,14.08,15
002195,8.34,15
002196,1.82,11
002197,1.94,10
002198,0.63,5
002199,0.57,5
002200,0.25,1
002201,0.4,10
002202,106.69,17
002203,15.82,16
002204,6.5,16
002205,0.95,12
002206,22.32,16
002207,0.49,6
002208,5.35,16
002209,0.66,13
002210,3.9,11
002211,0.44,3
002212,4.12,13
002213,0.79,10
002214,2.96,16
002215,12.62,15
002216,12.57,15
002217,6.08,11
002218,3.37,12
002219,0.7,5
002221,13.58,15
002222,7.24,16
002223,26.1,14
002224,4.09,15
002225,6.55,15
002226,12.81,12
002227,1.13,12
002228,9.49,15
002229,1.8,9
002230,21.62,15
002231,0.71,6
002232,2.04,13
002233,52.79,18
002234,4.48,4
002235,0.61,2
002236,57.46,16
002237,4.43,7
002238,18.64,15
002239,1.79,10
002240,7.1,3
002241,35.91,15
002242,79.19,18
002243,5.25,13
002244,42.02,15
002245,3.83,15
002246,3.01,15
002247,3.1,10
002248,0.51,4
002249,30.8,17
002250,9.24,15
002251,16.77,14
002252,17.12,14
002253,3.27,12
002254,22.98,13
002255,1.57,8
002256,3.1,7
002258,11.76,11
002259,0.61,5
002261,1.38,10
002262,8.9,15
002263,1.72,4
002264,1.63,6
002265,0.09,3
002266,13.01,15
002267,33.83,16
002268,3.12,15
002269,31.38,7
002270,13.08,18
002271,33.61,15
002272,1.06,5
002273,14.48,14
002274,11.37,11
002275,40.63,17
002276,5.79,12
002277,6.48,12
002278,2.98,10
002279,2.37,10
002280,3.96,8
002281,12.42,14
002282,4.08,14
002283,4.67,14
002284,4.56,10
002285,8.94,12
002286,2.73,14
002287,23.22,14
002288,0.39,6
002289,0.33,2
002290,1.68,8
002291,0.8,3
002292,3.96,7
002293,41.8,15
002294,61.01,13
002295,1.18,7
002296,2.14,8
002297,0.12,2
002298,2.12,11
002299,59.95,9
002300,13.06,14
002301,4.56,10
002302,9.39,13
002303,17.54,13
002304,423.24,14
002305,7.51,9
002306,1.89,3
002307,0.62,3
002308,7.82,8
002309,4.32,9
002310,8.12,9
002311,46.04,16
002312,5.9,7
002313,1.78,8
002314,15.02,9
002315,22.08,15
002316,0.54,7
002317,16.81,15
002318,20.85,14
002319,0.47,8
002320,13.92,14
002321,0.86,4
002322,11.89,16
002323,2.26,7
002324,5.48,14
002325,2.97,11
002326,5.21,8
002327,29.19,13
002328,7.47,15
002329,1.87,9
002330,0.96,6
002331,1.65,10
002332,13.37,13
002333,4.87,9
002334,4.72,11
002335,12.79,14
002336,6.0,3
002337,1.94,7
002338,3.16,14
002339,2.11,12
002340,10.81,14
002341,1.73,9
002342,3.07,12
002343,3.68,7
002344,12.35,14
002345,12.76,13
002346,6.91,13
002347,1.74,7
002348,2.44,8
002349,3.93,13
002350,3.81,13
002351,12.32,15
002352,73.47,18
002353,18.19,14
002354,2.6,7
002355,1.39,10
002356,2.31,9
002357,3.37,11
002358,6.3,9
002360,3.69,11
002361,6.4,11
002362,0.0,0
002363,5.02,14
002364,4.43,13
002365,3.43,13
002366,3.96,9
002367,29.08,17
002368,10.21,13
002369,2.57,7
002370,1.86,8
002371,5.54,12
002372,67.27,13
002373,5.22,8
002374,0.99,6
002375,7.29,13
002376,13.25,14
002377,2.54,4
002378,7.04,10
002379,0.12,2
002380,3.51,14
002381,10.21,14
002382,14.49,13
002383,1.38,4
002384,9.99,11
002385,36.88,15
002386,5.95,10
002387,0.53,5
002388,1.85,8
002389,3.45,13
002390,4.79,10
002391,13.39,14
002392,3.31,11
002393,10.6,13
002394,18.56,23
002395,1.89,9
002396,8.5,13
002397,8.03,12
002398,5.21,13
002399,38.43,13
002400,4.81,11
002401,2.23,11
002402,5.38,13
002403,4.02,8
002404,11.17,14
002405,4.59,11
002406,11.02,15
002407,14.51,14
002408,21.9,12
002409,5.56,13
002410,33.29,14
002412,4.85,5
002413,3.23,7
002414,22.18,13
002415,500.1,14
002416,29.32,9
002418,1.62,6
002419,38.9,13
002420,0.64,4
002421,4.87,10
002422,42.11,13
002423,8.33,8
002424,14.47,11
002425,2.92,11
002426,5.13,8
002427,1.01,8
002428,1.46,6
002429,9.8,7
002430,26.42,13
002431,2.76,8
002432,15.81,6
002433,2.09,8
002434,19.48,12
002435,5.47,10
002436,9.94,14
002437,6.92,8
002438,1.99,13
002439,5.57,12
002440,41.11,13
002441,12.34,13
002442,2.2,5
002443,9.72,13
002444,15.1,9
002445,1.47,8
002446,1.09,8
002448,6.43,13
002449,10.68,13
002451,1.08,3
002452,2.98,13
002453,1.17,6
002454,7.17,12
002455,5.15,13
002456,6.47,9
002457,4.11,13
002458,10.89,6
002459,12.06,4
002460,42.45,13
002461,15.12,12
002462,7.49,13
002463,21.94,11
002465,30.38,13
002466,56.55,8
002467,9.58,10
002468,14.82,9
002469,7.71,13
002470,12.27,8
002471,2.63,10
002472,5.15,13
002474,1.84,10
002475,40.5,13
002476,1.19,8
002478,14.57,13
002479,14.46,12
002480,1.24,4
002481,2.87,10
002482,5.54,10
002483,4.45,11
002484,7.72,14
002485,2.89,5
002486,1.22,6
002487,1.03,12
002488,3.17,7
002489,23.97,14
002490,1.4,3
002491,4.67,9
002492,2.06,13
002493,74.85,13
002494,0.75,7
002495,1.73,8
002496,3.68,8
002497,11.55,13
002498,18.33,14
002500,35.33,13
002501,3.13,6
002502,1.46,7
002505,0.22,2
002506,1.58,2
002507,17.99,13
002508,49.58,14
002510,2.94,9
002511,6.86,11
002512,1.39,4
002513,0.88,5
002514,0.72,3
002515,1.96,10
002516,18.59,14
002517,5.73,6
002518,11.45,13
002519,7.45,8
002520,5.2,9
002521,9.39,13
002522,7.18,13
002523,3.53,13
002524,0.15,3
002526,1.47,5
002527,4.79,11
002528,2.79,5
002529,0.9,4
002530,1.13,7
002531,12.56,12
002532,40.24,13
002533,13.13,13
002534,17.02,13
002535,1.85,5
002536,6.72,13
002537,2.19,7
002538,11.53,13
002539,18.7,14
002540,20.01,15
002541,7.59,12
002542,3.1,11
002543,25.68,15
002544,4.66,13
002545,18.66,13
002546,8.9,13
002547,1.22,4
002548,3.68,11
002549,3.21,9
002550,15.62,13
002551,2.57,8
002552,0.81,6
002553,5.09,12
002554,3.0,11
002555,70.99,19
002556,12.59,14
002557,35.46,13
002558,25.34,11
002559,7.44,13
002560,2.04,8
002561,16.49,13
002562,3.9,6
002563,104.29,13
002564,0.65,5
002565,3.58,6
002566,1.3,8
002567,9.72,12
002568,23.61,11
002569,0.56,3
002570,9.6,3
002571,0.2,2
002572,40.8,13
002573,13.06,12
002574,2.82,9
002575,0.6,4
002576,1.04,11
002577,1.95,3
002578,1.25,4
002579,3.29,13
002580,0.85,8
002581,2.55,5
002582,7.62,11
002583,3.09,9
002584,1.86,7
002585,13.92,12
002586,4.35,8
002587,3.91,12
002588,8.73,12
002589,3.57,10
002590,2.36,11
002591,1.26,6
002592,3.23,7
002593,3.22,11
002594,67.71,9
002595,28.58,12
002596,1.14,9
002597,24.54,12
002598,5.27,10
002599,0.58,7
002600,27.29,9
002601,160.58,21
002602,7.1,7
002603,34.52,12
002605,8.46,10
002606,1.72,11
002607,33.22,8
002608,12.0,5
002609,7.02,13
002610,2.12,2
002611,1.53,6
002612,10.24,14
002613,1.47,4
002614,10.26,12
002615,4.94,11
002616,7.52,9
002617,0.89,7
002620,2.3,10
002621,0.62,6
002622,1.99,3
002623,1.26,8
002624,42.33,11
002625,3.33,6
002626,23.95,12
002627,3.7,11
002628,2.49,8
002629,0.7,4
002630,1.61,7
002631,2.85,12
002632,7.46,12
002633,0.2,1
002634,1.57,7
002635,9.51,11
002636,2.32,5
002637,5.36,12
002638,0.49,4
002639,0.74,7
002640,2.91,8
002641,7.13,12
002642,1.57,6
002643,16.31,12
002644,1.58,12
002645,3.54,11
002646,7.57,11
002647,0.52,4
002648,27.08,10
002649,7.76,12
002650,6.37,9
002651,16.73,13
002652,1.24,7
002653,29.85,11
002654,1.33,7
002655,0.51,7
002656,1.27,6
002657,0.6,7
002658,9.73,13
002659,0.32,3
002660,0.75,5
002661,7.48,12
002662,13.69,9
002663,2.06,8
002664,3.22,12
002665,2.04,6
002666,6.04,11
002667,0.35,9
002668,2.24,6
002669,1.94,9
002670,2.64,6
002671,1.38,7
002672,9.77,11
002673,36.16,12
002674,9.34,9
002675,8.32,11
002676,0.85,6
002677,26.85,11
002678,6.86,11
002679,1.76,11
002681,3.62,7
002682,2.22,8
002683,16.1,12
002685,1.85,8
002686,1.76,9
002687,5.95,10
002688,7.26,10
002689,4.69,4
002690,36.66,11
002691,0.37,10
002692,1.75,6
002693,1.05,3
002694,2.21,6
002695,3.56,12
002696,2.07,7
002697,12.37,14
002698,12.83,11
002699,1.98,4
002700,1.56,10
002701,32.99,11
002702,1.68,7
002703,1.39,5
002705,23.85,10
002706,14.68,10
002707,1.12,6
002708,0.74,5
002709,19.89,10
002712,1.18,6
002713,9.6,6
002714,139.84,10
002715,0.18,3
002716,1.62,5
002717,2.7,6
002718,2.91,9
002719,0.49,7
002721,1.21,5
002722,2.12,10
002723,0.76,5
002724,6.38,9
002725,1.67,7
002726,4.43,7
002727,14.96,9
002728,8.52,9
002729,0.49,8
002730,2.07,9
002731,0.61,9
002732,3.54,9
002733,3.8,9
002734,6.9,9
002735,0.89,8
002736,216.66,9
002737,28.77,9
002738,6.45,9
002739,11.53,4
002740,0.47,5
002741,1.23,5
002742,1.78,6
002743,1.54,9
002745,13.56,10
002746,8.09,8
002747,3.27,8
002748,1.48,6
002749,10.62,10
002750,1.42,4
002752,2.45,8
002753,2.81,8
002755,6.1,8
002756,39.12,9
002757,6.52,9
002758,4.78,8
002759,3.37,7
002760,0.47,4
002761,8.79,8
002762,2.14,9
002763,12.23,7
002765,1.57,5
002766,0.51,3
002767,0.49,7
002768,3.55,8
002769,1.27,7
002771,1.02,8
002772,3.52,8
002773,11.36,8
002774,3.89,6
002775,8.87,8
002777,3.62,8
002778,0.56,7
002779,0.34,7
002780,0.13,3
002782,3.65,8
002783,3.32,7
002785,0.07,4
002786,0.34,4
002787,2.63,6
002788,4.76,8
002789,0.45,5
002790,5.62,8
002791,5.2,8
002792,2.81,8
002793,3.3,6
002795,2.0,3
002796,1.23,5
002797,9.59,8
002798,3.85,7
002799,0.61,5
002800,0.4,6
002801,4.81,9
002802,4.42,9
002803,4.61,8
002805,0.41,5
002806,0.47,4
002807,20.96,7
002808,0.42,5
002809,1.43,7
002810,2.56,6
002811,4.06,6
002812,13.26,8
002813,0.41,3
002815,17.62,7
002816,0.09,3
002817,0.8,7
002818,33.5,11
002819,0.99,7
002820,2.41,7
002821,13.76,7
002822,1.86,6
002823,2.24,7
002824,1.5,7
002825,2.58,7
002826,0.9,7
002827,3.68,7
002828,0.76,6
002829,1.19,5
002830,1.23,7
002831,19.87,8
002832,8.8,7
002833,9.72,9
002835,1.14,7
002836,2.93,7
002837,3.19,7
002838,3.52,8
002839,19.16,7
002840,0.85,5
002841,32.64,7
002842,0.89,5
002843,2.97,6
002845,1.13,6
002846,0.99,5
002847,5.88,7
002848,0.1,1
002849,0.53,7
002850,3.6,7
002851,3.32,6
002852,3.27,6
002853,1.62,5
002855,0.52,4
002856,0.15,1
002857,0.39,4
002858,0.16,2
002859,4.43,9
002860,1.58,6
002861,1.56,5
002862,0.14,3
002863,0.52,6
002864,0.78,6
002865,1.49,6
002866,1.27,7
002867,35.09,9
002868,1.32,5
002869,5.3,6
002870,1.02,5
002871,2.58,6
002872,0.5,1
002873,1.16,9
002875,0.41,2
002876,1.43,6
002877,0.76,6
002878,3.87,6
002879,2.09,6
002880,2.52,6
002881,0.74,6
002882,5.41,6
002883,0.78,6
002884,15.41,6
002885,0.55,6
002886,0.56,6
002887,3.92,5
002888,1.01,4
002889,0.89,4
002890,0.49,5
002891,0.73,6
002892,2.8,6
002893,0.61,4
002895,7.55,5
002896,1.08,6
002897,1.39,6
002898,0.53,4
002899,0.35,5
002900,5.51,6
002901,11.35,5
002902,0.45,4
002903,1.14,5
002905,1.9,3
002906,4.74,5
002907,1.21,6
002908,1.56,6
002909,1.82,6
002910,0.65,6
002911,18.73,6
002912,2.6,4
002913,8.73,6
002915,2.04,5
002916,22.1,6
002917,1.21,6
002918,6.13,6
002919,1.04,5
002920,11.05,6
002921,1.79,6
002922,2.43,6
002923,4.51,6
002925,31.34,6
002926,11.32,6
002927,1.49,6
002928,2.09,4
002929,3.56,8
002930,5.79,5
002931,0.72,4
002932,14.61,8
002933,1.43,3
002935,1.83,5
002936,14.8,2
002937,2.87,6
002938,62.53,5
002939,21.41,5
002940,2.74,5
002941,2.87,5
002942,2.29,5
002943,0.15,2
002945,7.72,5
002946,3.02,5
002947,2.39,5
002948,44.78,5
002949,2.84,5
002950,10.44,5
002951,3.44,4
002952,2.33,5
002953,1.08,5
002955,3.01,1
002956,3.08,4
002957,2.89,4
002958,30.55,4
002959,5.26,4
002960,4.93,4
002961,4.45,4
002962,2.07,4
002963,0.27,2
002965,1.92,4
002966,36.1,4
002967,3.09,6
002968,2.83,5
002969,2.7,5
002970,2.08,4
002971,0.48,2
002972,3.48,8
002973,1.36,4
002975,2.01,3
002976,0.6,2
002977,0.77,4
002978,16.42,7
002979,4.02,4
002980,4.89,4
002981,0.29,3
002982,0.89,5
002983,1.25,3
002984,2.18,2
002985,2.46,3
002986,2.56,4
002987,0.88,3
002988,0.81,2
002989,3.21,4
002990,1.41,3
002991,3.71,4
002992,0.51,1
002993,2.66,4
002995,0.65,3
002996,2.22,7
002997,1.29,3
002998,0.82,2
002999,1.07,3
003000,2.79,4
003001,0.94,6
003002,1.4,3
003003,0.44,2
003004,0.57,3
003005,0.69,2
003006,3.86,3
003007,0.42,2
003008,1.28,3
003009,0.37,3
003010,0.7,4
003011,1.13,4
003012,7.04,3
003013,6.04,3
003015,1.51,3
003016,5.54,3
003017,2.01,9
003018,1.38,3
003019,2.31,3
003020,1.72,3
003021,1.7,3
003022,7.39,3
003023,1.02,3
003025,1.53,3
003026,1.98,5
003027,1.16,3
003028,1.0,3
003029,0.62,2
003030,1.06,5
003031,0.5,2
003032,1.13,4
003033,1.06,3
003035,1.44,3
003036,0.65,3
003037,1.72,3
003038,0.61,2
003039,3.1,6
003040,1.48,3
003041,0.63,2
003042,0.72,3
003043,0.56,2
003816,165.13,4
300001,4.22,13
300002,9.83,11
300003,35.34,14
300004,1.07,8
300005,4.79,8
300006,2.8,11
300007,1.83,14
300008,1.77,8
300009,18.29,14
300010,1.56,7
300011,1.71,9
300012,7.43,15
300013,0.47,9
300014,11.05,12
300015,42.39,14
300016,3.44,14
300017,9.52,14
300018,2.31,9
300019,6.14,13
300020,2.37,12
300021,4.88,8
300022,0.54,3
300024,2.76,7
300025,0.57,7
300026,9.35,14
300027,8.5,9
300029,0.8,3
300030,0.79,9
300031,4.84,9
300032,3.11,7
300033,51.43,14
300034,5.85,14
300035,5.32,13
300036,2.49,11
300037,14.0,13
300039,13.12,14
300040,2.6,12
300041,7.34,13
300042,1.7,13
300043,3.5,11
300044,0.83,9
300045,0.98,10
300046,4.57,10
300047,2.65,14
300048,2.69,9
300049,2.46,8
300050,2.08,9
300051,0.98,5
300052,0.87,9
300053,0.88,9
300054,3.81,14
300055,2.93,13
300056,0.86,6
300057,4.26,13
300058,9.79,12
300059,32.38,14
300061,0.51,5
300062,1.19,10
300063,0.75,7
300065,0.94,9
300066,3.75,14
300067,2.87,9
300068,6.27,8
300069,0.45,5
300070,16.07,13
300071,1.06,8
300072,8.63,11
300073,7.83,9
300074,0.83,4
300075,2.26,13
300076,0.85,5
300077,2.11,7
300078,5.31,11
300079,3.42,12
300080,0.81,3
300081,0.58,4
300082,14.54,13
300083,1.1,6
300084,0.47,7
300085,1.3,9
300086,2.86,8
300087,3.04,10
300088,17.88,13
300091,1.09,11
300092,1.11,8
300093,0.28,8
300094,0.81,5
300095,1.71,12
300096,0.84,11
300097,0.44,9
300098,1.81,9
300099,7.76,14
300100,6.47,10
300101,1.48,8
300102,3.67,9
300103,1.13,8
300105,3.77,8
300106,0.21,6
300107,8.14,13
300108,1.48,7
300109,4.56,13
300110,2.69,11
300111,2.04,1
300112,3.35,13
300113,7.09,12
300114,2.57,13
300115,8.47,11
300116,0.2,3
300117,0.74,10
300118,10.18,9
300119,10.49,13
300120,3.01,11
300121,7.26,11
300122,49.24,13
300123,1.1,8
300124,56.37,13
300125,0.37,6
300126,1.42,12
300127,12.15,13
300128,1.88,8
300129,5.45,13
300130,5.68,12
300131,2.78,9
300132,2.94,9
300133,5.43,14
300134,8.68,6
300135,2.24,10
300136,4.53,10
300137,2.59,9
300138,3.88,13
300139,1.0,7
300140,1.03,6
300141,0.96,10
300142,3.71,10
300143,0.29,1
300144,16.26,13
300145,3.09,9
300146,61.98,13
300147,4.3,9
300148,1.15,8
300149,1.8,10
300150,6.65,14
300151,4.59,12
300152,1.17,8
300153,2.26,10
300154,8.67,13
300155,3.04,12
300157,1.25,4
300158,33.73,12
300159,2.42,9
300160,5.37,12
300161,0.83,11
300162,1.45,8
300163,1.15,7
300164,2.04,9
300165,2.36,11
300166,1.56,7
300167,0.68,4
300168,2.92,9
300169,0.89,3
300170,3.49,10
300171,15.19,13
300172,2.89,13
300173,1.07,6
300174,2.12,13
300175,0.42,8
300176,2.52,9
300177,1.02,10
300179,3.86,10
300180,2.02,9
300181,7.1,12
300182,6.17,8
300183,11.75,12
300184,1.49,4
300185,12.84,12
300187,2.78,9
300188,5.54,12
300189,0.49,5
300190,4.9,13
300191,0.96,12
300192,1.52,7
300193,12.93,13
300194,5.46,10
300195,8.27,8
300196,5.29,11
300197,4.28,8
300198,1.02,7
300199,4.17,6
300200,7.17,12
300201,0.85,8
300203,5.18,9
300204,7.71,8
300205,2.34,10
300206,8.88,13
300207,11.65,12
300208,0.83,4
300209,0.62,8
300210,0.78,7
300211,0.98,12
300212,4.15,10
300213,2.8,12
300214,3.31,11
300215,8.41,11
300217,2.69,12
300218,2.59,11
300219,3.23,8
300220,0.09,6
300221,1.77,7
300222,2.44,8
300223,2.95,9
300224,9.49,10
300225,2.52,10
300226,1.1,9
300227,0.68,10
300228,1.01,11
300229,3.01,12
300230,7.96,10
300231,5.91,12
300232,2.23,11
300233,6.67,12
300234,1.15,11
300235,0.78,10
300236,3.15,11
300237,2.02,8
300238,0.87,6
300239,1.25,11
300240,1.55,9
300241,0.93,9
300242,0.61,6
300243,1.33,10
300244,5.11,12
300245,1.4,11
300246,2.44,12
300247,1.13,6
300248,2.32,12
300249,0.51,7
300250,1.62,7
300251,22.75,12
300252,1.69,8
300253,3.79,12
300254,0.85,8
300255,1.81,10
300256,0.62,3
300257,10.81,9
300258,4.82,12
300259,6.83,13
300260,1.37,11
300261,4.29,14
300262,0.59,6
300263,2.44,12
300264,0.52,4
300265,1.2,12
300266,0.89,7
300267,5.4,11
300268,0.2,1
300269,3.05,6
300270,0.44,7
300271,4.21,11
300272,4.99,14
300274,12.71,12
300275,0.89,8
300276,2.56,9
300277,1.3,11
300278,0.35,4
300279,0.83,7
300280,0.4,10
300281,1.01,11
300282,0.28,6
300283,1.41,12
300284,11.32,12
300285,5.72,12
300286,3.86,12
300287,2.43,7
300288,0.88,7
300289,1.38,9
300290,0.99,10
300291,2.67,7
300292,2.08,6
300293,1.94,8
300294,6.19,12
300295,2.39,7
300296,10.52,12
300298,12.79,12
300299,0.93,7
300300,0.97,8
300301,0.42,4
300302,0.67,9
300303,8.85,12
300304,3.73,13
300305,3.43,12
300306,3.65,9
300307,6.97,7
300308,5.88,12
300310,1.37,6
300311,0.95,8
300313,0.18,3
300314,2.65,12
300315,2.77,8
300316,18.02,12
300317,0.94,7
300318,0.34,6
300319,2.61,8
300320,2.55,12
300321,1.23,12
300322,1.16,9
300323,2.14,4
300324,3.27,7
300326,2.85,10
300327,9.71,12
300328,1.56,9
300329,0.7,9
300331,1.08,9
300332,2.95,11
300333,2.84,9
300334,0.42,5
300335,3.98,10
300337,0.83,6
300338,0.95,7
300339,3.22,7
300340,0.67,5
300341,2.74,11
300342,5.7,10
300343,2.04,6
300344,0.17,3
300345,0.73,6
300346,2.79,13
300347,18.87,11
300348,2.17,11
300349,8.33,11
300350,0.41,5
300351,1.88,6
300352,1.17,9
300353,1.12,10
300354,1.05,11
300355,4.4,11
300357,7.01,10
300358,3.02,9
300359,0.58,5
300360,5.94,10
300363,9.29,10
300364,0.34,4
300365,1.76,8
300366,0.68,4
300368,0.8,7
300369,4.04,10
300370,0.82,5
300371,2.32,10
300373,8.07,11
300374,0.55,7
300375,2.95,8
300376,5.8,10
300377,6.57,10
300378,2.72,10
300379,1.84,8
300380,1.05,8
300381,2.82,10
300382,8.08,10
300383,3.14,10
300384,4.61,10
300385,0.74,6
300386,2.23,7
300387,1.26,9
300388,5.36,9
300389,8.28,7
300390,17.63,8
300391,0.3,5
300393,4.99,7
300394,8.33,9
300395,5.0,9
300396,7.15,9
300397,0.33,2
300398,2.23,8
300399,0.37,8
300400,1.73,5
300401,3.45,8
300402,1.76,8
300403,9.84,13
300404,0.19,5
300405,0.23,3
300406,6.87,9
300407,0.96,9
300408,35.4,9
300409,3.23,9
300410,1.26,5
300411,0.37,4
300412,2.53,8
300413,10.02,8
300414,0.91,8
300415,7.78,9
300416,2.15,9
300417,2.16,9
300418,7.17,7
300419,0.63,4
300420,1.09,6
300421,4.29,11
300422,1.15,7
300423,2.2,8
300424,0.96,8
300425,3.23,9
300426,0.6,4
300427,2.12,7
300428,4.41,8
300429,2.05,8
300430,0.46,6
300432,6.14,5
300433,59.99,8
300434,0.98,5
300435,2.22,9
300436,0.85,3
300437,1.52,6
300438,2.22,7
300439,2.85,7
300440,2.21,8
300441,3.85,8
300442,15.06,6
300443,3.45,6
300444,1.87,8
300445,1.22,12
300446,1.64,5
300447,0.78,4
300448,1.36,8
300449,0.29,4
300450,25.28,9
300451,2.14,8
300452,2.62,8
300453,2.61,8
300454,2.5,4
300455,1.9,8
300456,1.3,7
300457,3.65,8
300458,6.81,8
300459,2.49,5
300460,0.5,4
300461,0.35,4
300462,1.0,6
300463,11.2,8
300464,0.71,4
300465,0.46,4
300466,0.22,3
300467,0.37,3
300468,2.15,8
300469,0.31,4
300470,5.09,10
300471,1.49,4
300472,0.4,5
300473,2.42,7
300474,3.06,7
300475,1.87,7
300476,10.61,8
300477,2.03,9
300478,0.4,4
300479,0.52,6
300480,1.32,7
300481,5.11,8
300482,8.34,8
300483,0.21,4
300484,2.12,6
300485,4.03,8
300486,0.59,7
300487,4.85,8
300488,1.87,8
300489,0.1,4
300490,0.77,7
300491,0.61,6
300492,1.02,8
300493,1.71,8
300494,1.03,5
300495,2.08,5
300496,5.76,8
300497,3.59,6
300498,251.37,11
300499,0.92,5
300500,1.39,8
300501,1.67,8
300502,3.46,7
300503,0.84,5
300504,3.1,6
300505,0.95,6
300506,1.17,5
300507,2.37,7
300508,0.63,7
300509,2.81,8
300510,0.58,3
300511,2.36,6
300512,4.92,8
300513,0.92,4
300514,0.9,6
300515,1.81,7
300516,1.41,7
300517,0.42,7
300518,0.59,6
300519,4.72,7
300520,1.02,6
300521,0.21,4
300522,1.93,7
300523,1.08,5
300525,2.12,8
300527,0.99,6
300528,0.68,2
300529,26.41,7
300530,2.96,4
300531,0.8,7
300532,4.06,9
300533,7.25,7
300534,0.18,4
300535,0.64,6
300536,0.44,5
300537,0.62,4
300538,0.69,7
300539,0.85,7
300540,0.16,3
300541,1.25,7
300542,0.95,7
300543,1.85,6
300545,0.96,7
300546,0.88,5
300547,4.6,8
300548,1.73,6
300549,1.4,7
300550,0.38,6
300551,0.24,6
300552,3.41,6
300553,0.49,5
300554,0.25,4
300555,0.26,3
300556,0.75,7
300557,0.67,5
300558,5.14,7
300559,2.77,7
300560,0.95,6
300561,1.59,7
300562,0.72,7
300563,0.95,7
300564,2.5,4
300565,0.56,2
300566,1.02,7
300567,4.75,7
300568,4.29,7
300569,4.95,7
300570,5.32,7
300571,1.39,6
300572,1.13,5
300573,3.58,10
300575,3.79,9
300576,0.72,7
300577,2.13,7
300578,0.89,5
300579,1.35,7
300580,2.87,7
300581,0.32,3
300582,1.17,7
300583,0.46,6
300584,1.43,6
300585,0.69,3
300586,0.85,3
300587,1.99,7
300588,0.19,4
300589,0.2,4
300590,2.85,7
300591,0.26,2
300592,0.18,2
300593,1.16,7
300594,0.31,2
300595,4.96,7
300596,2.86,7
300597,0.38,7
300598,0.25,6
300599,2.93,6
300600,1.33,5
300601,14.4,7
300602,1.02,6
300603,0.73,4
300604,1.79,5
300605,0.47,7
300606,0.71,4
300607,3.16,10
300608,1.18,7
300609,1.3,5
300610,2.69,7
300611,0.83,7
300612,0.9,2
300613,1.23,7
300614,0.15,2
300615,1.03,7
300616,4.37,6
300617,2.93,6
300618,5.63,6
300619,0.36,7
300620,1.41,6
300621,0.58,5
300622,3.12,7
300623,4.32,7
300624,0.91,4
300625,10.24,6
300626,0.19,3
300627,5.01,6
300628,43.83,8
300629,0.53,5
300630,3.18,6
300631,1.04,7
300632,1.23,6
300633,2.01,6
300634,1.55,5
300635,0.29,6
300636,0.63,6
300637,1.28,5
300638,3.13,6
300639,4.44,6
300640,1.71,7
300641,1.77,7
300642,2.16,7
300643,1.07,6
300644,0.98,6
300645,0.5,6
300647,0.33,4
300648,0.26,6
300649,0.7,7
300650,0.67,4
300651,0.84,6
300652,1.65,6
300653,3.92,6
300654,0.78,6
300655,1.6,6
300656,0.75,6
300657,1.26,5
300658,1.97,4
300659,1.4,5
300660,6.17,6
300661,4.15,6
300662,1.51,6
300663,0.35,5
300664,2.83,6
300665,0.17,3
300666,1.45,6
300667,1.06,6
300668,1.31,4
300669,1.24,6
300670,0.41,2
300671,0.97,2
300672,2.42,6
300673,2.15,7
300674,4.92,5
300675,0.84,7
300676,9.82,7
300677,17.23,7
300678,0.52,6
300679,5.39,6
300680,0.86,6
300681,0.65,5
300682,4.56,6
300683,0.68,3
300684,6.31,6
300685,2.44,6
300686,0.49,5
300687,1.89,6
300688,0.39,5
300689,0.42,4
300690,3.83,6
300691,1.83,6
300692,0.82,6
300693,1.46,6
300694,0.48,4
300695,3.79,4
300696,1.94,6
300697,3.25,7
300698,0.04,1
300699,14.35,6
300700,0.32,2
300701,1.65,5
300702,2.68,5
300703,1.82,6
300705,1.98,7
300706,0.17,6
300707,0.51,6
300708,1.81,7
300709,1.31,5
300710,0.23,4
300711,0.68,6
300712,1.01,6
300713,0.05,1
300715,3.76,6
300716,0.31,3
300717,0.75,6
300718,5.07,7
300719,2.16,5
300720,1.58,6
300721,0.65,7
300722,1.71,6
300723,2.41,6
300724,3.1,5
300725,1.14,6
300726,7.77,6
300727,1.04,6
300729,2.14,6
300730,0.51,6
300731,0.65,4
300732,3.56,6
300733,0.79,4
300735,8.04,6
300736,1.39,5
300737,2.66,6
300738,0.96,8
300739,4.31,6
300740,1.03,2
300741,63.43,7
300742,0.0,0
300743,1.37,6
300745,0.21,3
300746,1.78,6
300747,1.76,4
300748,6.04,5
300749,0.83,4
300750,91.05,5
300751,5.97,5
300752,1.0,3
300753,0.96,3
300755,3.99,5
300756,0.6,3
300757,0.51,3
300758,3.19,4
300759,12.04,5
300760,209.81,6
300761,13.18,4
300762,0.59,4
300763,5.01,4
300765,2.49,4
300766,0.79,4
300767,0.89,4
300768,2.11,4
300769,3.07,3
300770,10.7,5
300771,2.54,5
300772,1.99,3
300773,15.8,2
300774,1.71,3
300775,2.4,5
300776,3.05,5
300777,2.16,4
300778,1.49,4
300779,0.45,4
300780,0.7,4
300781,0.93,5
300782,7.1,5
300783,3.53,4
300785,1.58,4
300786,0.76,9
300787,3.15,4
300788,3.99,5
300789,0.77,4
300790,1.51,3
300791,2.31,4
300792,2.54,4
300793,1.27,3
300795,2.09,5
300796,1.14,5
300797,0.74,4
300798,0.5,4
300799,0.28,3
300800,1.5,4
300801,3.01,4
300802,1.06,4
300803,0.69,3
300804,0.5,1
300805,0.63,2
300806,0.78,4
300807,0.72,3
300808,0.56,3
300809,1.17,4
300810,0.16,4
300811,0.76,4
300812,0.64,3
300813,1.07,6
300814,0.56,2
300815,4.46,4
300816,0.6,3
300817,1.13,4
300818,0.51,4
300819,0.9,3
300820,1.89,4
300821,10.26,4
300822,1.44,4
300823,1.73,6
300824,3.37,9
300825,0.0,0
300826,1.23,3
300827,0.52,3
300828,5.65,13
300829,0.69,4
300830,0.54,3
300831,0.36,4
300832,23.36,7
300833,2.87,3
300834,4.94,2
300835,1.24,7
300836,0.15,1
300837,0.9,3
300838,1.3,8
300839,1.51,10
300840,0.21,3
300841,2.91,3
300842,0.0,0
300843,0.4,3
300844,0.0,0
300845,1.66,9
300846,1.19,8
300847,0.73,3
300848,1.03,7
300849,0.4,2
300850,1.27,3
300851,2.67,7
300852,0.9,3
300853,1.27,4
300854,0.31,4
300855,1.11,3
300856,2.37,4
300857,0.39,3
300858,2.1,3
300859,0.59,5
300860,1.64,3
300861,20.28,6
300862,0.53,1
300863,0.65,3
300864,2.14,3
300865,0.35,3
300866,16.12,5
300867,0.99,3
300868,0.49,1
300869,3.94,5
300870,0.56,3
300871,1.49,3
300872,0.67,2
300873,1.6,3
300875,0.46,2
300876,0.67,3
300877,1.05,2
300878,1.24,2
300879,0.37,2
300880,1.71,3
300881,0.59,3
300882,0.98,3
300883,0.1,3
300884,0.98,3
300885,0.6,1
300886,0.19,3
300887,3.03,3
300888,19.44,3
300889,0.3,3
300890,0.1,1
300891,1.98,6
300892,0.46,2
300893,1.02,3
300894,7.32,4
300895,0.24,5
300896,18.8,4
300897,1.29,3
300898,3.29,9
300899,0.78,6
300900,0.63,2
300901,0.48,3
300902,1.65,7
300903,0.31,3
300904,0.55,4
300905,1.58,3
300906,1.21,6
300907,0.72,3
300908,2.0,3
300909,0.6,2
300910,5.85,3
300911,1.83,3
300912,0.2,1
300913,0.51,3
300915,1.08,3
300916,0.8,3
300917,1.01,3
300918,1.25,3
300919,3.21,3
300920,1.2,2
300921,1.15,3
300922,2.31,10
300923,0.58,3
300925,0.41,3
300926,0.4,3
300927,0.59,3
300928,0.56,3
300929,0.26,3
300930,0.3,3
300931,0.46,2
300932,1.05,3
300933,0.28,2
300935,1.17,4
300936,0.68,2
300937,0.38,2
300938,0.74,3
300939,1.36,3
300940,0.27,2
300941,1.96,9
300942,1.26,3
300943,1.27,5
300945,0.62,3
300946,0.84,3
300947,0.54,1
300948,0.22,3
300949,0.0,0
300950,0.42,4
300951,3.7,3
300952,0.75,4
300953,0.4,3
300955,1.15,3
300956,0.53,2
300957,7.84,3
300958,0.7,3
300959,0.74,3
300960,1.45,4
300961,0.13,2
300962,1.87,4
300963,0.55,3
300964,0.23,1
300965,0.35,3
300966,0.16,1
300967,0.96,5
300968,1.65,2
300969,0.6,3
300970,0.83,5
300971,1.68,7
300972,1.93,5
300973,2.54,3
300975,0.65,4
300976,2.41,3
300977,0.93,3
300978,3.17,3
300979,38.51,3
300980,0.55,4
300981,10.1,4
300982,2.14,3
300983,4.11,7
300984,0.78,3
300985,0.16,1
300986,0.5,2
300987,0.54,2
300988,0.76,4
300989,0.87,5
300990,1.68,3
300991,0.38,2
300992,0.13,2
300993,0.69,2
300994,3.15,3
300995,0.52,3
300996,1.12,3
300997,2.06,5
300998,0.35,3
300999,14.36,3
301000,2.21,3
301001,1.1,5
301002,2.3,6
301003,1.76,4
301004,1.54,3
301005,0.8,3
301006,1.46,3
301007,0.73,5
301008,0.72,2
301009,0.19,1
301010,0.32,2
301011,0.17,1
301012,0.17,2
301013,0.16,1
301015,7.5,2
301016,0.44,2
301017,1.21,3
301018,1.32,3
301019,1.36,3
301020,0.77,3
301021,0.33,2
301022,0.38,2
301023,0.95,5
301024,0.23,2
301025,0.77,2
301026,0.91,2
301027,0.29,2
301028,2.54,4
301029,2.64,2
301030,0.0,0
301031,0.89,3
301032,0.29,2
301033,0.2,2
301035,9.53,5
301036,0.98,2
301037,0.05,1
301038,0.43,1
301039,13.87,3
301040,0.58,5
301041,0.13,2
301042,3.18,9
301043,0.47,2
301045,0.0,0
301046,0.6,1
301047,9.38,2
301048,0.9,2
301049,0.24,1
301050,0.45,2
301051,0.8,1
301052,0.13,2
301053,0.33,2
301055,1.17,2
301056,0.67,2
301057,0.66,5
301058,1.79,2
301059,0.67,2
301060,2.63,3
301061,2.88,4
301062,0.7,3
301063,0.25,2
301065,0.35,2
301066,0.13,1
301067,1.05,5
301068,0.27,2
301069,3.99,6
301070,0.45,3
301071,2.04,2
301072,0.05,1
301073,1.19,5
301075,0.5,1
301076,1.02,2
301077,2.14,3
301078,0.22,1
301079,1.07,7
301080,2.4,2
301081,1.37,2
301082,0.98,4
301083,0.12,2
301085,1.1,2
301086,1.38,2
301087,5.03,2
301088,1.24,2
301089,0.69,4
301090,1.95,2
301091,0.61,2
301092,1.62,4
301093,1.35,2
301095,0.8,1
301096,1.56,3
301097,0.44,2
301098,0.21,2
301099,0.64,2
301100,2.2,2
301101,1.12,2
301102,0.9,2
301103,2.31,2
301105,0.5,1
301106,0.83,4
301107,1.01,5
301108,1.02,2
301109,5.75,3
301110,0.8,2
301111,0.42,2
301112,0.6,2
301113,2.33,7
301115,2.44,6
301116,0.46,2
301117,0.57,4
301118,2.55,7
301119,0.18,2
301120,2.68,6
301121,0.07,1
301122,0.75,2
301123,1.87,2
301125,1.38,2
301126,0.13,2
301127,0.39,2
301128,0.74,2
301129,1.11,2
301130,0.23,2
301131,0.39,3
301132,0.49,1
301133,0.23,2
301135,0.7,3
301136,0.52,2
301137,0.32,2
301138,1.92,4
301139,0.13,1
301141,0.18,1
301148,1.35,4
301149,0.86,2
301150,2.66,2
301151,0.97,2
301152,1.0,4
301153,2.16,2
301155,2.18,2
301156,0.78,2
301157,0.12,1
301158,0.85,6
301159,0.06,1
301160,1.11,3
301161,0.2,1
301162,0.71,2
301163,0.2,1
301165,4.55,1
301166,1.21,2
301167,0.36,2
301168,0.73,5
301169,0.38,2
301170,0.0,0
301171,2.67,3
301172,0.76,4
301175,0.81,1
301176,0.19,1
301177,12.0,2
301178,0.88,6
301179,1.31,2
301180,0.4,2
301181,1.08,2
301182,0.38,2
301183,0.1,1
301185,1.63,5
301186,0.51,2
301187,2.19,2
301188,0.93,2
301189,0.57,2
301190,1.59,4
301191,0.53,1
301192,3.4,8
301193,0.6,2
301195,0.79,1
301196,1.62,2
301197,0.76,4
301198,0.92,3
301199,0.2,2
301200,13.65,3
301201,0.73,2
301202,0.75,3
301203,1.2,1
301205,0.14,1
301206,4.12,7
301207,2.0,2
301208,0.51,2
301209,0.14,1
301210,0.0,0
301211,1.68,2
301212,0.85,5
301213,0.46,3
301215,1.02,2
301216,1.72,2
301217,2.07,2
301218,0.27,3
301219,7.75,2
301220,0.24,1
301221,0.56,2
301222,1.11,2
301223,0.42,1
301225,0.1,1
301226,0.84,2
301227,2.01,3
301228,0.24,1
301229,0.16,2
301230,0.48,2
301231,0.47,5
301232,0.43,1
301233,1.03,5
301234,0.34,1
301235,0.24,2
301236,3.18,1
301237,1.36,2
301238,0.73,1
301239,0.15,1
301246,0.4,1
301248,0.41,2
301251,0.0,0
301252,0.0,0
301255,0.68,1
301256,0.62,2
301257,0.11,2
301258,1.39,4
301259,0.4,2
301260,0.3,1
301261,0.26,1
301262,3.54,1
301263,4.3,7
301265,0.61,1
301266,1.16,3
301267,1.57,1
301268,1.4,3
301269,0.81,1
301270,0.5,1
301272,0.0,0
301273,0.11,1
301276,0.39,1
301277,0.67,1
301278,0.13,1
301279,0.5,1
301280,0.65,1
301281,0.51,2
301282,0.76,1
301283,0.4,1
301285,0.05,1
301286,0.4,1
301287,0.0,0
301288,0.14,1
301289,0.3,1
301290,0.88,4
301291,0.25,1
301292,0.0,0
301293,0.0,0
301295,0.97,4
301296,0.16,1
301297,0.27,1
301298,1.49,6
301299,0.72,2
301300,1.17,8
301301,2.07,1
301302,0.0,0
301303,0.64,1
301305,0.49,1
301306,0.13,1
301307,0.0,0
301308,1.98,1
301309,0.6,1
301310,0.49,1
301311,0.13,1
301312,0.42,1
301313,0.9,7
301314,0.59,1
301315,0.0,0
301316,0.32,1
301317,0.47,1
301318,0.99,7
301319,0.41,1
301320,0.36,1
301321,0.82,3
301322,1.57,2
301323,0.0,0
301325,0.0,0
301326,0.29,1
301327,2.0,1
301328,0.37,1
301329,0.4,4
301330,0.52,1
301331,1.12,1
301332,0.0,0
301333,0.15,1
301335,0.45,1
301336,0.11,1
301337,0.58,6
301338,0.38,1
301339,0.69,1
301345,1.64,1
301348,0.0,0
301349,0.68,1
301353,0.0,0
301355,0.94,4
301356,1.5,1
301357,0.4,1
301358,3.01,1
301359,0.34,2
301360,0.0,0
301361,1.46,6
301362,0.49,1
301363,1.42,1
301365,0.8,1
301366,0.58,2
301367,1.28,1
301368,0.15,1
301369,1.51,1
301370,0.0,0
301371,0.0,0
301372,0.0,0
301373,0.65,2
301376,0.0,0
301377,0.9,2
301378,0.46,1
301379,0.61,1
301380,2.19,6
301381,1.0,1
301382,0.02,1
301383,0.0,0
301386,1.49,4
301387,0.53,2
301388,0.61,1
301389,1.98,1
301390,0.0,0
301391,0.41,1
301393,0.37,2
301395,0.0,0
301396,0.27,1
301397,0.0,0
301398,0.25,1
301399,0.62,1
301408,0.0,0
301413,0.0,0
301418,0.0,0
301419,0.5,1
301421,0.38,3
301428,0.0,0
301429,0.3,1
301439,0.58,1
301446,0.1,1
301448,0.13,1
301456,0.2,1
301459,0.0,0
301468,0.0,0
301469,0.37,2
301486,0.0,0
301487,0.0,0
301488,0.46,1
301489,0.06,1
301498,0.0,0
301499,0.0,0
301500,0.0,0
301502,0.0,0
301503,0.0,0
301505,0.35,1
301507,0.0,0
301508,0.0,0
301509,0.0,0
301510,0.0,0
301511,0.0,0
301512,0.0,0
301515,0.0,0
301516,0.0,0
301517,0.0,0
301518,0.0,0
301519,0.0,0
301520,0.0,0
301525,0.0,0
301526,0.0,0
301528,0.0,0
301529,0.0,0
301533,0.0,0
301548,0.0,0
301550,0.1,1
301555,1.75,6
301558,2.09,3
301559,5.01,1
301566,0.0,0
301567,0.0,0
301568,0.49,2
301577,0.0,0
301578,0.1,1
301589,0.0,0
600000,1319.56,23
600004,53.32,18
600006,33.98,25
600007,54.33,25
600008,90.94,23
600009,113.47,21
600010,43.97,17
600011,604.87,20
600012,81.57,21
600015,482.36,22
600016,1245.48,28
600017,12.36,13
600018,529.66,22
600019,1150.74,26
600020,35.19,19
600021,54.7,16
600022,34.74,8
600023,225.61,8
600025,155.24,6
600026,107.42,18
600027,196.48,16
600028,5578.4,44
600029,66.0,8
600030,740.4,21
600031,243.7,21
600032,2.6,2
600033,61.06,22
600035,26.72,20
600036,3035.22,22
600037,35.59,22
600038,19.39,20
600039,104.66,13
600048,580.95,17
600050,289.52,23
600051,9.73,23
600052,4.42,9
600053,7.62,9
600054,11.31,20
600055,5.87,24
600056,32.89,22
600057,47.45,11
600058,26.79,14
600059,12.14,22
600060,47.71,18
600061,46.72,12
600062,36.0,22
600063,12.46,18
600064,49.55,22
600066,193.82,24
600067,15.65,20
600070,5.39,21
600071,1.19,6
600072,2.38,10
600073,9.95,12
600075,8.31,13
600076,1.62,4
600078,3.46,19
600079,15.95,26
600080,1.08,9
600081,6.79,18
600082,1.31,9
600083,0.0,0
600084,0.65,5
600085,58.91,27
600088,4.88,20
600089,128.6,24
600094,6.94,11
600095,8.61,11
600096,41.51,15
600097,3.93,12
600098,85.21,24
600099,0.75,8
600100,29.86,20
600101,4.0,20
600103,2.57,6
600104,1457.0,23
600105,8.73,17
600106,12.92,24
600107,0.8,3
600108,2.77,15
600109,19.02,15
600110,4.76,11
600111,49.79,19
600112,0.66,10
600113,3.58,18
600114,12.52,20
600115,32.7,7
600116,14.55,18
600117,3.85,4
600118,13.23,17
600119,1.9,8
600120,18.12,23
600121,4.94,8
600123,69.42,22
600125,14.78,19
600126,41.19,20
600127,0.2,2
600128,4.54,24
600129,3.18,5
600130,2.26,5
600131,11.3,16
600132,52.75,25
600133,6.93,12
600135,7.28,16
600136,0.77,6
600137,0.64,6
600138,12.0,21
600141,30.48,23
600143,62.3,20
600148,1.93,17
600149,0.08,1
600150,32.98,16
600151,9.37,16
600152,2.14,12
600153,148.76,25
600155,2.04,6
600156,0.93,4
600157,16.19,9
600158,5.72,25
600159,2.78,8
600160,50.55,25
600161,13.09,21
600162,27.04,18
600163,3.53,5
600165,0.69,1
600166,24.29,19
600167,28.79,10
600168,15.35,24
600169,0.98,4
600170,118.21,24
600171,10.38,23
600172,2.67,11
600173,9.21,17
600176,85.14,19
600177,247.94,25
600178,6.37,11
600179,1.16,2
600180,9.81,12
600182,10.31,13
600183,94.17,26
600184,1.79,10
600185,12.08,7
600186,2.04,1
600187,0.75,3
600188,699.18,27
600189,8.14,17
600190,7.69,15
600191,1.58,12
600192,0.95,9
600193,0.36,4
600195,21.12,24
600196,113.1,23
600197,24.46,25
600198,1.35,2
600199,4.27,10
600200,2.64,14
600201,20.97,21
600202,3.5,12
600203,0.79,4
600206,3.53,8
600207,7.48,6
600208,37.49,14
600210,46.74,24
600211,11.61,14
600212,1.13,4
600213,1.01,4
600215,2.23,13
600216,38.79,21
600217,1.02,5
600218,4.55,16
600219,63.16,22
600220,2.25,8
600221,34.8,11
600222,0.97,8
600223,9.82,7
600225,0.07,1
600226,7.08,18
600227,3.77,13
600228,0.18,2
600229,11.06,13
600230,7.41,21
600231,17.59,21
600232,7.32,20
600233,37.72,23
600234,0.0,0
600235,3.25,16
600236,149.47,25
600237,0.97,8
600238,1.83,10
600239,7.07,12
600241,0.94,13
600243,0.59,7
600246,14.19,20
600248,13.94,15
600249,1.69,5
600250,1.16,11
600251,6.85,15
600252,29.08,19
600255,1.91,13
600256,98.35,14
600257,0.44,8
600258,11.87,21
600259,0.04,1
600261,27.64,22
600262,4.77,21
600265,0.33,2
600266,49.32,21
600267,14.8,22
600268,8.26,24
600269,56.08,23
600271,71.3,20
600272,2.47,18
600273,43.68,22
600276,67.54,23
600277,17.0,14
600278,10.45,22
600279,6.98,23
600280,6.42,20
600281,0.62,8
600282,102.82,19
600283,6.51,17
600284,18.37,19
600285,15.82,21
600287,7.38,21
600288,2.47,18
600289,4.48,16
600292,8.27,19
600293,1.86,8
600295,92.2,28
600297,25.19,10
600298,30.53,23
600299,42.92,16
600300,14.08,21
600301,3.5,12
600302,2.9,9
600303,4.8,16
600305,9.76,19
600306,0.4,3
600307,21.76,12
600308,19.91,22
600309,412.14,23
600310,12.02,22
600312,28.54,18
600313,0.98,4
600315,34.1,23
600316,5.87,22
600318,1.33,8
600319,2.24,9
600320,34.64,17
600321,4.3,13
600322,5.96,16
600323,19.85,24
600325,67.89,19
600326,5.56,13
600327,23.06,22
600328,17.8,20
600329,25.46,19
600330,4.98,15
600331,10.0,7
600332,77.39,23
600333,4.81,13
600335,14.11,14
600336,5.06,12
600337,13.04,19
600338,10.97,6
600339,17.08,15
600340,160.74,12
600343,1.98,6
600345,5.54,22
600346,185.34,12
600348,92.24,17
600350,176.72,21
600351,9.03,19
600352,82.18,19
600353,2.44,13
600354,0.26,2
600355,0.49,1
600356,6.03,23
600358,0.1,1
600359,3.56,8
600360,3.1,17
600361,12.05,17
600362,176.95,23
600363,3.5,23
600365,0.14,1
600366,16.92,22
600367,2.36,15
600368,13.6,21
600369,63.19,15
600370,18.59,19
600371,4.63,16
600372,18.98,14
600373,57.41,18
600375,5.88,9
600376,89.71,23
600377,363.7,23
600378,14.67,18
600379,1.34,10
600380,32.76,19
600381,0.15,2
600382,13.3,23
600383,230.6,22
600386,10.54,16
600387,3.9,14
600388,28.82,24
600389,23.71,22
600390,44.55,13
600391,2.37,14
600392,6.53,11
600395,95.2,22
600396,3.28,13
600397,8.06,5
600398,167.46,20
600399,1.44,7
600400,14.99,22
600403,37.56,11
600405,0.76,7
600406,142.45,19
600408,1.61,5
600409,40.55,19
600410,8.47,17
600415,41.92,16
600416,4.74,14
600418,28.54,21
600419,2.67,9
600420,9.74,15
600421,0.0,0
600422,15.49,18
600423,1.91,8
600425,12.59,14
600426,58.88,19
600428,23.89,17
600429,2.25,7
600433,10.38,17
600435,5.12,13
600436,45.15,20
600438,211.37,15
600439,8.23,17
600444,1.08,6
600446,4.62,14
600448,0.24,1
600449,17.81,19
600452,7.82,14
600455,0.0,0
600456,21.7,21
600458,7.75,20
600459,7.46,18
600460,6.54,16
600461,22.65,18
600462,0.14,2
600463,2.91,16
600467,3.93,17
600468,2.32,13
600469,9.53,16
600470,4.27,11
600475,17.45,23
600476,0.1,2
600477,13.47,17
600478,0.64,5
600479,21.6,20
600480,9.55,13
600481,38.66,21
600482,13.92,12
600483,37.31,17
600486,21.0,20
600487,16.91,20
600488,4.85,21
600489,50.47,19
600490,1.66,3
600491,10.37,18
600493,2.67,18
600495,3.04,17
600496,5.2,18
600497,59.73,18
600498,34.28,22
600499,28.69,19
600500,55.35,24
600501,2.81,15
600502,20.38,17
600503,4.45,12
600505,2.39,15
600506,0.1,1
600507,125.91,14
600508,33.26,19
600509,15.13,19
600510,25.47,21
600511,34.1,21
600512,6.18,16
600513,2.74,19
600515,0.24,2
600516,59.87,7
600517,26.51,18
600518,52.62,19
600519,2326.56,25
600520,0.12,2
600521,23.84,19
600522,26.73,15
600523,7.11,17
600525,8.54,15
600526,2.26,8
600527,13.77,20
600528,37.95,21
600529,13.66,21
600530,5.5,15
600531,9.18,20
600533,21.61,21
600535,64.52,21
600536,4.15,21
600537,5.8,12
600538,0.12,2
600539,0.14,3
600540,1.02,8
600543,0.42,5
600545,7.57,14
600546,89.13,13
600547,32.26,21
600548,127.19,22
600549,33.07,21
600550,6.76,6
600551,12.58,16
600552,3.38,10
600556,1.73,9
600557,7.32,19
600558,4.34,22
600559,12.35,18
600560,2.32,21
600561,3.92,17
600562,7.98,16
600563,34.78,20
600565,19.0,19
600566,61.08,19
600567,17.61,15
600568,1.02,5
600569,25.56,12
600570,20.09,20
600571,6.83,15
600572,33.58,19
600573,2.27,17
600575,6.33,8
600576,0.23,2
600577,14.43,20
600578,87.68,22
600579,0.1,2
600580,17.3,21
600581,10.63,12
600582,41.82,18
600583,56.38,20
600584,10.86,14
600585,740.01,21
600586,8.29,11
600587,4.27,16
600588,55.09,22
600589,3.86,18
600590,5.23,17
600592,7.68,20
600593,0.55,4
600594,9.35,15
600595,3.34,9
600596,35.95,22
600597,31.04,19
600598,93.96,19
600599,0.61,6
600600,128.46,27
600601,2.98,13
600602,39.92,18
600603,13.44,4
600604,2.79,13
600605,1.28,13
600606,203.77,18
600608,0.14,2
600609,0.0,0
600610,0.0,0
600611,33.06,24
600612,65.14,22
600613,2.33,8
600615,0.48,4
600616,7.27,25
600617,4.14,11
600618,18.04,13
600619,14.96,20
600620,3.71,21
600621,14.18,19
600622,15.89,18
600623,36.38,19
600624,2.1,15
600626,11.95,25
600628,11.42,21
600629,3.62,7
600630,2.47,8
600633,18.09,17
600635,23.35,23
600636,5.38,20
600637,71.02,16
600638,13.71,19
600639,43.99,26
600640,9.39,19
600641,24.62,22
600642,205.52,30
600643,23.7,18
600644,2.16,12
600645,0.35,3
600647,0.49,7
600648,37.51,16
600649,68.13,27
600650,27.76,20
600651,4.39,10
600653,0.13,1
600654,3.51,7
600655,85.69,30
600657,19.83,16
600658,16.19,14
600660,255.7,23
600661,1.72,11
600662,20.56,21
600663,162.49,25
600664,73.0,17
600665,14.47,22
600666,0.82,8
600667,17.55,16
600668,11.94,20
600671,0.6,6
600673,13.97,11
600674,128.94,21
600675,41.7,18
600676,13.12,19
600678,1.43,5
600679,1.73,3
600681,32.4,14
600682,10.49,28
600683,9.83,13
600684,6.21,17
600685,15.2,19
600686,7.55,22
600688,237.04,29
600689,0.46,6
600690,292.21,28
600691,0.11,1
600692,0.34,3
600693,4.27,11
600694,34.26,23
600696,0.85,3
600697,14.65,28
600698,0.41,2
600699,8.08,11
600702,14.37,20
600703,67.51,15
600704,86.86,24
600705,78.6,17
600706,0.18,3
600707,4.74,6
600708,18.68,18
600710,15.6,14
600711,5.45,12
600712,1.5,16
600713,10.58,20
600714,0.34,2
600715,1.46,2
600716,6.06,13
600717,45.43,24
600718,15.62,13
600719,1.86,21
600720,25.26,20
600721,0.06,1
600722,0.78,2
600724,22.07,15
600725,3.5,11
600726,8.33,11
600727,2.5,3
600728,4.61,12
600729,57.85,26
600730,1.76,10
600731,0.49,6
600732,9.22,6
600733,0.0,0
600734,1.64,3
600735,1.23,7
600736,14.75,23
600737,27.53,17
600738,20.59,11
600739,19.54,14
600740,19.87,12
600741,288.86,22
600742,22.1,22
600743,23.31,13
600744,4.03,8
600745,6.41,4
600746,16.66,7
600748,14.72,20
600749,0.05,1
600750,33.26,26
600751,0.0,0
600753,0.06,1
600754,53.22,26
600755,62.86,21
600756,2.34,14
600757,20.59,14
600758,3.56,9
600759,2.53,6
600760,22.0,7
600761,32.09,24
600763,0.51,2
600764,10.28,20
600765,8.72,19
600766,0.0,0
600768,0.12,4
600769,0.1,1
600770,1.49,5
600771,0.13,1
600773,1.57,14
600774,0.9,9
600775,6.09,14
600776,18.01,21
600777,0.92,4
600778,4.62,14
600779,44.64,20
600780,11.75,14
600782,50.8,24
600783,11.81,12
600784,1.95,11
600785,6.41,18
600787,15.31,21
600789,4.93,15
600790,20.51,16
600791,1.95,19
600792,0.23,1
600793,0.05,1
600794,3.07,10
600795,235.34,23
600796,3.41,12
600797,4.19,19
600798,13.7,24
600800,0.42,3
600801,115.37,26
600802,4.26,17
600803,40.02,11
600804,11.89,11
600805,8.16,10
600807,0.2,3
600808,159.38,22
600809,115.99,24
600810,22.99,21
600811,3.08,10
600812,15.09,18
600814,10.4,22
600815,5.79,15
600816,46.21,7
600817,4.12,5
600818,1.21,8
600819,14.93,26
600820,72.23,25
600821,2.8,4
600822,1.31,5
600823,41.27,20
600824,8.77,25
600825,4.75,19
600826,13.43,18
600827,42.48,24
600828,29.92,21
600829,15.89,16
600830,4.14,19
600831,2.16,14
600833,2.57,19
600834,8.38,27
600835,56.66,26
600836,0.68,8
600837,365.14,20
600838,3.48,14
600839,23.79,15
600841,12.69,23
600843,1.04,3
600844,0.44,3
600845,59.32,19
600846,13.15,23
600847,0.15,1
600848,26.9,7
600850,12.77,17
600851,13.33,22
600853,1.89,16
600854,11.91,18
600855,1.81,14
600857,1.71,17
600858,3.64,16
600859,40.77,26
600860,4.51,18
600861,7.93,25
600862,9.68,8
600863,89.67,23
600864,15.34,21
600865,8.75,22
600866,3.19,11
600867,45.27,16
600868,6.36,15
600869,9.28,6
600871,23.04,13
600872,17.4,13
600873,91.49,16
600874,25.6,23
600875,57.27,21
600876,0.26,1
600877,2.94,3
600879,8.0,12
600880,9.71,24
600881,13.81,11
600882,3.68,7
600883,1.82,19
600884,26.42,26
600885,19.92,9
600886,173.14,21
600887,432.09,23
600888,12.85,23
600889,1.49,15
600892,0.0,0
600893,33.73,18
600894,28.19,18
600895,41.03,22
600897,24.06,23
600898,0.36,4
600900,1641.33,21
600901,46.74,6
600903,2.4,5
600905,38.65,3
600906,7.47,3
600908,23.2,7
600909,23.88,7
600916,11.76,3
600917,16.65,9
600918,13.8,3
600919,294.57,7
600925,13.78,1
600926,117.67,7
600927,13.82,7
600928,39.54,5
600929,8.2,6
600933,14.43,8
600935,4.07,2
600936,3.34,3
600938,1348.46,4
600939,5.81,6
600941,1750.79,4
600955,3.06,2
600956,25.12,4
600958,123.94,10
600959,18.59,7
600960,1.91,14
600961,3.88,5
600962,1.18,6
600963,9.27,16
600965,7.76,17
600966,8.18,13
600967,13.05,15
600968,22.56,4
600969,2.75,13
600970,52.54,23
600971,44.68,13
600973,5.14,16
600975,3.11,11
600976,7.91,16
600977,22.01,5
600979,5.53,12
600980,0.64,8
600981,15.32,19
600982,9.27,19
600983,12.64,19
600984,1.73,3
600985,84.42,19
600986,1.71,8
600987,25.69,19
600988,0.01,1
600989,102.51,6
600990,2.76,17
600992,2.08,18
600993,11.93,19
600995,8.13,18
600996,4.53,4
600997,47.25,18
600998,32.93,8
600999,302.85,16
601000,71.89,14
601001,34.97,10
601002,7.44,8
601003,64.9,12
601005,5.19,3
601006,991.18,17
601007,3.99,12
601008,3.8,15
601009,343.33,16
601010,19.81,11
601011,3.31,4
601012,79.84,12
601015,5.95,6
601016,19.35,9
601018,143.93,13
601019,39.44,6
601020,2.26,4
601021,9.29,6
601022,2.02,1
601028,4.11,7
601033,0.0,0
601038,7.77,8
601058,24.58,12
601059,1.43,1
601061,7.35,1
601065,0.5,1
601066,126.16,6
601068,1.02,2
601069,2.01,9
601077,110.83,4
601083,0.0,0
601086,8.13,8
601088,3711.94,17
601089,1.92,1
601096,0.0,0
601098,95.74,13
601099,9.56,8
601100,38.98,12
601101,31.89,13
601106,1.99,5
601107,42.86,15
601108,38.14,7
601111,132.99,12
601113,2.77,6
601116,11.46,13
601117,77.35,13
601118,10.43,9
601121,1.02,1
601126,29.03,13
601127,6.12,4
601128,36.22,7
601133,1.02,2
601136,5.06,1
601137,9.37,13
601138,323.17,5
601139,44.88,14
601155,145.94,6
601156,16.51,2
601158,165.46,14
601162,1.71,4
601163,17.04,7
601166,1720.65,17
601168,71.47,15
601169,580.02,16
601177,1.36,11
601179,36.66,11
601186,331.12,16
601187,19.0,3
601188,10.26,13
601198,40.15,9
601199,8.16,12
601200,5.14,6
601208,8.82,12
601211,328.76,9
601212,2.29,6
601216,105.13,12
601218,3.53,7
601222,21.53,12
601225,554.48,9
601226,5.42,8
601228,17.81,7
601229,345.55,7
601231,48.4,12
601233,28.61,11
601236,16.35,4
601238,240.77,24
601279,0.15,1
601288,7337.14,13
601298,88.79,5
601311,18.65,12
601318,3026.44,34
601319,286.44,7
601326,26.26,7
601328,2817.65,19
601330,8.17,5
601333,76.53,14
601336,251.32,12
601339,31.26,12
601360,18.88,10
601366,7.68,6
601368,6.47,8
601369,58.37,13
601375,13.02,9
601377,87.04,13
601388,6.52,10
601390,355.64,14
601398,13063.13,17
601399,0.84,1
601456,5.68,2
601500,5.0,7
601512,16.63,4
601515,40.87,12
601518,5.66,10
601519,1.73,2
601528,4.98,2
601555,55.15,12
601566,47.46,12
601567,35.72,11
601568,43.92,4
601577,61.56,5
601579,5.06,8
601588,30.3,16
601595,3.19,4
601598,65.93,7
601599,3.3,8
601600,61.52,7
601601,990.78,16
601606,1.41,5
601607,139.3,27
601608,8.44,10
601609,7.55,8
601611,12.12,7
601615,15.5,5
601616,6.89,11
601618,145.55,11
601619,7.84,6
601628,1890.9,17
601633,282.95,14
601636,69.23,11
601658,859.75,4
601665,55.04,9
601666,89.45,13
601668,815.32,14
601669,147.72,12
601677,9.92,12
601678,21.56,13
601686,14.87,4
601688,330.42,13
601689,20.26,7
601696,5.34,4
601698,4.92,5
601699,198.74,15
601700,14.09,12
601702,2.14,3
601717,40.49,13
601718,20.76,11
601727,99.72,11
601728,465.96,4
601766,486.78,15
601777,14.07,7
601778,1.83,4
601788,143.48,15
601789,9.16,12
601798,0.88,5
601799,28.83,13
601800,390.84,12
601801,33.93,14
601808,133.87,16
601811,32.69,9
601816,71.8,4
601818,987.02,13
601825,86.99,3
601827,9.98,3
601828,39.0,6
601838,106.59,6
601857,7069.02,32
601858,10.24,7
601860,18.3,5
601865,16.43,6
601866,62.74,6
601868,19.89,2
601869,15.36,6
601872,64.46,16
601877,131.8,20
601878,25.28,6
601880,43.21,13
601881,130.26,7
601882,6.98,8
601886,22.87,12
601888,128.18,13
601890,4.02,11
601898,291.64,15
601899,380.87,17
601900,18.21,9
601901,22.0,8
601908,7.8,9
601916,129.94,3
601918,23.12,11
601919,826.77,7
601921,14.89,2
601928,81.39,16
601929,5.27,10
601933,71.01,12
601939,9913.31,17
601949,12.07,6
601952,17.97,6
601956,1.39,3
601958,77.56,14
601963,40.23,3
601965,20.74,11
601966,23.76,7
601968,4.73,8
601969,5.36,3
601975,9.57,12
601985,169.3,8
601988,8021.72,17
601989,47.02,9
601990,17.23,5
601991,204.57,15
601992,70.22,13
601995,31.86,3
601996,5.54,11
601997,65.65,7
601998,1363.98,15
601999,4.27,14
603000,13.35,11
603001,19.81,11
603002,8.78,12
603003,0.35,4
603004,0.0,0
603005,4.12,10
603006,3.65,7
603007,0.84,5
603008,4.2,9
603009,1.39,6
603010,7.22,9
603011,1.57,7
603012,3.42,9
603013,14.37,5
603015,2.83,8
603016,4.02,7
603017,6.95,9
603018,9.71,9
603019,12.78,10
603020,5.02,9
603021,0.78,4
603022,0.47,5
603023,1.99,6
603025,22.26,9
603026,6.3,7
603027,6.61,9
603028,0.6,6
603029,0.68,7
603030,0.95,7
603031,0.26,2
603032,0.31,3
603033,2.08,5
603035,7.23,7
603036,1.63,7
603037,4.55,7
603038,1.51,7
603039,1.68,7
603040,2.79,8
603041,1.31,6
603042,0.39,4
603043,10.41,6
603045,0.49,4
603048,0.61,2
603050,2.93,8
603051,0.74,2
603052,0.34,1
603053,9.71,4
603055,5.7,6
603056,5.57,4
603057,3.09,1
603058,4.77,8
603059,0.87,5
603060,4.35,7
603061,0.16,1
603062,1.3,1
603063,1.57,6
603065,0.84,1
603066,1.67,10
603067,3.79,7
603068,1.39,4
603069,0.7,4
603070,0.92,2
603071,7.81,2
603073,0.35,1
603075,0.0,0
603076,0.67,5
603077,10.45,8
603078,0.98,6
603079,1.44,6
603080,1.46,5
603081,3.48,6
603082,0.0,0
603083,0.48,3
603085,0.56,4
603086,2.34,5
603087,5.94,3
603088,3.91,9
603089,2.36,7
603090,1.1,6
603093,0.86,3
603095,2.93,4
603096,6.33,7
603097,0.56,2
603098,4.17,7
603099,1.02,6
603100,9.37,9
603101,0.43,2
603102,0.7,2
603103,3.24,3
603105,1.7,4
603106,0.5,3
603107,0.0,0
603108,2.95,6
603109,1.93,4
603110,2.05,6
603111,2.96,4
603112,2.52,3
603113,10.54,6
603115,6.7,4
603116,10.0,8
603117,2.06,6
603118,11.08,9
603119,0.14,1
603121,1.67,4
603122,1.31,2
603123,6.25,11
603125,0.17,1
603126,3.92,9
603127,5.83,6
603128,17.2,12
603129,5.82,6
603130,0.31,1
603131,1.81,6
603132,8.17,3
603133,0.48,3
603135,0.9,1
603136,2.12,4
603137,0.0,0
603138,0.64,6
603139,0.54,5
603150,0.72,2
603151,0.84,1
603153,0.86,1
603155,5.08,4
603156,120.96,6
603158,3.11,9
603159,1.34,8
603160,13.5,6
603161,1.06,4
603162,0.83,1
603163,0.65,1
603165,6.59,7
603166,10.73,10
603167,12.68,11
603168,2.51,6
603169,2.56,4
603170,1.0,1
603171,2.23,2
603172,0.0,0
603173,0.22,1
603176,0.26,2
603177,0.4,2
603178,1.44,6
603179,6.53,6
603180,5.49,6
603181,2.46,4
603182,2.31,4
603183,1.32,6
603185,21.11,6
603186,2.03,7
603187,3.89,5
603188,8.93,4
603189,1.07,6
603190,0.36,1
603191,0.6,1
603192,1.72,5
603193,0.0,0
603195,69.08,4
603196,2.23,7
603197,4.14,7
603198,50.4,9
603199,1.38,8
603200,1.21,5
603201,0.33,1
603203,7.85,7
603206,1.31,2
603208,6.88,7
603209,0.6,2
603211,0.2,1
603212,1.46,4
603213,4.38,2
603214,2.2,6
603215,1.4,2
603216,1.34,2
603217,3.11,4
603218,11.79,7
603219,3.2,2
603220,2.26,5
603221,0.74,3
603222,1.27,8
603223,1.56,8
603225,10.14,5
603226,1.1,6
603227,3.67,7
603228,18.89,8
603229,1.27,6
603230,0.76,2
603231,0.0,0
603232,1.23,5
603233,22.99,6
603235,3.11,1
603236,3.99,4
603237,1.12,2
603238,1.56,7
603239,7.22,7
603255,0.1,1
603256,3.36,5
603258,7.38,8
603259,63.03,5
603260,39.94,6
603261,0.32,2
603266,1.46,7
603267,3.46,5
603268,0.56,5
603269,1.16,6
603270,0.0,0
603272,0.47,2
603273,1.15,7
603275,0.0,0
603276,0.0,0
603277,14.07,10
603278,1.42,4
603279,23.82,7
603280,0.35,1
603281,3.2,1
603282,0.54,3
603283,4.57,6
603286,0.25,4
603288,227.57,10
603289,2.95,6
603290,4.6,4
603291,0.3,1
603296,0.0,0
603297,3.55,5
603298,18.43,7
603299,6.6,8
603300,1.37,3
603301,11.54,6
603303,7.76,7
603305,4.26,5
603306,7.94,9
603307,0.24,1
603308,4.29,10
603309,3.41,8
603311,2.32,8
603312,0.0,0
603313,5.17,3
603315,1.35,6
603316,0.56,5
603317,6.36,5
603318,0.72,6
603319,2.68,7
603320,0.9,6
603321,1.53,7
603322,0.3,3
603323,15.83,7
603324,1.02,3
603325,0.0,0
603326,2.67,5
603327,6.21,4
603328,41.68,14
603329,1.92,5
603330,1.11,6
603331,1.66,5
603332,2.25,5
603333,0.81,5
603335,0.57,5
603336,1.36,6
603337,8.04,7
603338,8.73,9
603339,3.0,7
603345,12.5,8
603348,2.19,5
603351,2.0,5
603353,2.4,5
603355,32.92,10
603356,0.69,3
603357,8.98,6
603358,8.5,8
603359,3.16,6
603360,7.04,6
603363,1.81,4
603365,9.52,7
603366,12.95,10
603367,7.16,6
603368,12.51,9
603369,40.93,9
603373,0.0,0
603375,0.0,0
603377,6.6,6
603378,2.15,5
603379,5.13,4
603380,2.11,6
603383,4.61,6
603385,4.58,6
603386,2.78,6
603387,6.59,7
603388,0.69,3
603389,0.53,3
603390,0.97,3
603392,11.34,3
603393,12.85,7
603396,1.32,6
603398,0.77,4
603399,2.82,6
603408,7.14,4
603416,1.83,7
603421,4.35,7
603429,2.5,5
603439,3.22,5
603444,52.97,9
603456,12.98,9
603458,6.45,6
603466,5.07,5
603477,1.36,6
603486,15.92,4
603488,3.17,6
603489,8.41,4
603496,1.03,5
603499,0.6,5
603500,2.11,6
603501,9.92,6
603505,3.53,6
603506,2.54,6
603507,1.31,5
603508,8.07,8
603511,5.8,3
603515,22.0,7
603516,3.05,8
603517,16.73,7
603518,1.58,6
603519,9.52,10
603520,5.4,8
603527,2.84,8
603528,2.94,6
603529,12.54,3
603530,2.05,4
603533,2.45,6
603535,1.15,6
603536,0.69,4
603538,1.33,5
603551,8.22,4
603555,11.76,5
603556,14.29,7
603557,2.37,3
603558,6.34,9
603559,0.18,3
603565,40.53,4
603566,7.82,9
603567,9.72,7
603568,17.33,8
603569,6.75,5
603577,1.26,7
603578,2.19,9
603579,6.32,8
603580,0.64,5
603583,5.04,5
603585,5.76,7
603586,4.82,5
603587,23.98,6
603588,3.62,9
603589,52.41,8
603590,2.93,5
603595,0.48,5
603596,3.06,5
603598,0.24,2
603599,17.11,8
603600,6.97,11
603601,5.82,9
603602,0.47,6
603603,1.16,3
603605,9.84,7
603606,7.59,9
603607,3.36,7
603608,5.29,6
603609,9.57,8
603610,3.66,3
603611,7.77,8
603612,10.44,7
603613,2.34,5
603615,3.64,6
603616,0.25,4
603617,1.75,6
603618,3.57,9
603619,3.09,5
603626,2.11,3
603628,0.71,6
603629,1.14,4
603630,2.19,6
603633,0.9,5
603636,4.83,9
603637,2.14,7
603638,5.12,7
603639,9.16,7
603648,4.79,6
603650,6.92,5
603655,0.55,6
603656,1.22,7
603657,2.74,5
603658,27.17,8
603659,15.41,6
603660,1.42,6
603661,3.78,6
603662,2.81,4
603663,1.44,7
603665,1.85,3
603666,1.69,5
603667,3.41,7
603668,0.83,6
603669,8.22,8
603676,2.88,6
603677,3.27,9
603678,8.33,9
603679,0.45,4
603680,6.9,6
603681,1.75,5
603682,4.92,4
603683,0.64,6
603685,1.72,5
603686,7.64,9
603687,0.59,4
603688,12.15,10
603689,3.98,7
603690,1.55,6
603693,6.36,6
603696,4.18,9
603697,5.2,5
603698,4.23,8
603699,25.88,10
603700,4.28,5
603701,2.24,8
603703,0.51,4
603706,5.27,5
603707,8.75,6
603708,12.49,6
603709,0.53,4
603711,5.11,6
603712,3.78,6
603713,2.46,5
603716,0.27,3
603717,0.35,1
603718,1.39,7
603719,3.9,4
603721,0.82,4
603722,1.71,6
603725,0.77,4
603726,4.39,7
603727,3.05,7
603728,1.43,6
603729,0.23,4
603730,17.28,6
603733,11.75,6
603737,4.8,6
603738,2.81,8
603739,1.63,5
603755,1.58,5
603757,5.66,7
603758,7.22,4
603759,1.17,2
603766,25.78,11
603767,4.0,6
603768,1.25,6
603773,0.97,4
603776,3.1,6
603777,2.96,5
603778,0.36,4
603779,0.59,3
603786,7.46,4
603787,2.63,6
603788,10.37,9
603789,0.92,2
603790,1.39,5
603797,3.5,6
603798,1.94,7
603799,13.61,6
603800,2.51,5
603801,9.6,6
603803,3.1,5
603806,25.06,9
603808,7.26,9
603809,4.2,6
603810,1.51,5
603811,3.3,7
603813,0.92,5
603815,2.04,4
603816,40.77,7
603817,1.77,7
603818,1.1,3
603819,1.45,7
603822,0.98,6
603823,4.38,7
603825,2.92,5
603826,0.99,3
603828,0.77,6
603829,0.98,6
603833,40.59,6
603836,2.62,2
603838,1.08,8
603839,12.0,8
603843,0.92,7
603848,5.42,6
603855,12.61,9
603856,3.24,6
603858,74.0,7
603859,0.58,5
603860,0.52,6
603861,2.38,7
603863,0.21,1
603866,36.73,8
603867,3.06,5
603868,43.57,8
603869,3.05,7
603871,8.79,6
603876,6.49,5
603877,21.11,7
603878,7.92,7
603879,0.46,5
603880,0.78,4
603881,1.1,7
603882,17.3,6
603883,13.7,8
603885,17.86,6
603886,13.31,7
603887,0.98,5
603888,9.35,7
603889,9.34,9
603890,2.95,6
603893,8.11,4
603895,0.29,4
603896,3.05,6
603897,6.2,9
603898,7.56,9
603899,30.47,9
603900,6.0,6
603901,3.04,8
603903,1.48,7
603906,2.56,5
603908,3.5,7
603909,0.68,7
603912,2.93,6
603915,4.85,4
603916,6.32,6
603917,1.23,6
603918,1.63,8
603919,7.23,7
603920,14.54,6
603922,0.58,4
603926,3.52,6
603927,18.43,15
603928,4.0,6
603929,2.8,7
603931,1.23,3
603933,1.66,6
603936,1.17,7
603937,2.36,6
603938,1.97,6
603939,11.96,8
603948,4.72,4
603949,2.34,4
603950,3.78,2
603955,0.94,3
603956,3.14,5
603958,1.2,3
603959,0.59,3
603960,1.53,8
603963,0.3,3
603966,2.74,7
603967,5.89,5
603968,7.67,8
603969,4.84,8
603970,3.52,6
603976,1.72,6
603977,4.0,7
603978,0.42,2
603979,3.64,8
603980,9.42,6
603982,0.6,3
603983,4.73,4
603985,2.87,7
603986,17.24,7
603987,3.95,6
603988,5.21,11
603989,14.92,9
603990,0.71,5
603991,0.19,2
603992,3.61,5
603993,128.4,12
603995,7.0,4
603997,9.99,7
603998,3.99,12
603999,1.9,8
605001,0.6,1
605003,1.34,3
605005,1.81,3
605006,2.91,3
605007,3.04,3
605008,1.15,1
605009,5.88,5
605011,2.08,3
605016,0.41,2
605018,3.08,4
605020,1.35,2
605028,2.08,4
605033,0.55,2
605050,4.01,3
605055,0.0,0
605056,4.44,3
605058,1.0,3
605060,2.42,3
605066,2.21,2
605068,1.91,3
605069,0.33,1
605077,3.52,3
605080,0.68,2
605081,0.78,1
605086,0.84,2
605088,2.45,6
605089,1.8,2
605090,8.14,5
605098,6.88,10
605099,6.16,3
605100,1.57,3
605108,1.12,3
605111,2.31,4
605116,1.65,3
605117,8.82,3
605118,1.59,3
605122,0.88,2
605123,1.5,3
605128,0.68,3
605133,0.96,3
605136,1.56,2
605138,2.33,3
605151,1.17,3
605155,0.78,3
605158,2.11,3
605162,2.0,2
605166,1.9,4
605167,0.66,2
605168,7.65,5
605169,2.57,3
605177,0.95,3
605178,0.13,1
605179,0.99,2
605180,1.26,2
605183,7.38,6
605186,0.54,3
605188,0.57,3
605189,1.62,5
605196,0.38,2
605198,0.69,3
605199,0.6,1
605208,0.72,3
605218,0.87,4
605222,1.96,3
605228,0.79,3
605255,1.89,3
605258,1.08,4
605259,1.76,2
605266,3.87,3
605268,2.25,3
605277,2.15,3
605286,0.63,3
605287,0.35,2
605288,1.06,3
605289,0.63,2
605296,3.31,3
605298,1.52,5
605299,5.17,7
605300,0.84,2
605303,0.48,2
605305,3.06,10
605318,1.16,3
605319,0.55,2
605333,0.26,1
605336,3.83,3
605337,2.66,3
605338,1.84,3
605339,3.79,3
605358,5.8,3
605365,2.13,2
605366,2.62,3
605368,16.72,8
605369,3.89,4
605376,2.04,3
605377,4.84,4
605378,1.8,3
605388,2.76,3
605389,1.35,3
605398,0.51,3
605399,2.27,3
605488,1.56,3
605499,20.0,3
605500,2.0,3
605507,7.26,3
605555,1.99,2
605566,1.05,2
605567,0.5,2
605577,0.93,2
605580,3.6,5
605588,0.18,2
605589,13.5,11
605598,0.22,2
605599,6.38,2
688001,3.62,4
688002,1.82,4
688003,3.65,8
688004,0.26,3
688005,3.08,4
688006,4.92,5
688007,1.31,4
688008,13.58,4
688009,78.36,4
688010,0.69,4
688011,0.26,2
688012,1.24,1
688013,0.52,3
688015,2.68,4
688016,4.29,4
688017,1.25,3
688018,2.39,3
688019,0.85,4
688020,0.95,3
688021,0.6,3
688022,0.64,3
688023,0.43,2
688025,0.84,4
688026,1.44,5
688027,0.1,1
688028,1.65,6
688029,4.32,5
688030,0.51,3
688031,0.0,0
688032,6.14,3
688033,1.01,4
688035,0.43,1
688036,64.78,5
688037,0.9,4
688038,0.12,1
688039,0.92,3
688041,0.93,1
688045,0.0,0
688046,0.17,1
688047,0.0,0
688048,1.15,2
688049,0.24,1
688050,1.22,3
688051,0.89,2
688052,1.68,4
688053,0.0,0
688055,1.59,3
688056,0.57,3
688057,13.43,9
688058,1.01,3
688059,1.5,3
688060,0.38,2
688061,0.42,1
688062,0.0,0
688063,5.64,3
688065,6.25,3
688066,0.63,4
688067,1.14,6
688068,4.23,3
688069,1.08,4
688070,0.19,1
688071,0.0,0
688072,0.33,1
688073,1.0,1
688075,6.92,2
688076,0.75,2
688077,1.31,3
688078,0.83,5
688079,0.74,2
688080,0.34,4
688081,0.33,2
688082,1.61,1
688083,1.56,4
688084,0.23,1
688085,0.92,3
688087,0.54,2
688088,2.76,4
688089,1.75,4
688090,0.46,4
688091,0.43,1
688092,0.45,3
688093,1.51,3
688095,1.96,6
688096,1.16,5
688097,0.0,0
688098,1.44,4
688099,2.57,2
688100,4.92,4
688101,2.27,3
688102,0.64,2
688103,0.56,2
688105,6.2,2
688106,5.02,9
688107,0.0,0
688108,0.41,1
688109,1.36,5
688110,1.35,2
688111,10.75,4
688112,1.41,2
688113,0.2,2
688114,1.5,1
688115,0.6,2
688116,0.87,4
688117,0.44,2
688118,0.89,3
688119,1.35,1
688120,0.53,1
688121,0.5,1
688122,17.81,9
688123,2.21,4
688125,1.21,2
688126,0.0,0
688127,1.99,4
688128,5.46,4
688129,0.53,2
688130,0.1,1
688131,0.8,2
688132,0.0,0
688133,1.3,8
688135,1.0,2
688136,0.36,2
688137,0.35,1
688138,0.93,4
688139,4.77,4
688141,0.0,0
688143,0.47,1
688146,1.15,1
688147,0.0,0
688148,0.41,1
688150,0.8,2
688151,1.41,2
688152,0.26,1
688153,0.3,1
688155,0.3,1
688156,0.63,4
688157,0.8,3
688158,0.21,1
688159,0.07,1
688160,1.09,4
688161,3.72,2
688162,0.86,2
688163,2.09,3
688165,0.0,0
688166,1.65,4
688167,0.38,1
688168,0.86,5
688169,6.5,5
688170,0.93,2
688171,0.28,2
688172,0.0,0
688173,0.0,0
688175,0.74,2
688176,0.0,0
688177,0.0,0
688178,0.6,2
688179,2.51,7
688180,0.0,0
688181,1.89,4
688182,0.6,2
688183,5.41,3
688184,0.44,1
688185,1.98,1
688186,2.29,4
688187,20.53,3
688188,5.6,4
688189,0.41,1
688190,1.08,2
688191,0.73,4
688192,0.0,0
688193,0.05,1
688195,0.56,3
688196,5.09,4
688197,0.0,0
688198,1.54,4
688199,3.59,7
688200,3.57,4
688201,1.34,3
688202,1.58,3
688203,0.14,1
688205,0.51,2
688206,0.39,2
688207,0.0,0
688208,4.5,3
688209,1.21,2
688210,0.92,3
688211,0.79,1
688212,0.25,1
688213,0.0,0
688215,0.29,6
688216,0.6,2
688217,0.1,1
688218,0.65,6
688219,0.62,3
688220,0.0,0
688221,0.0,0
688222,0.9,3
688223,11.2,2
688225,0.66,2
688226,0.41,2
688227,0.31,2
688228,1.15,6
688229,0.53,2
688230,0.86,2
688231,0.89,1
688232,3.63,2
688233,1.22,4
688234,0.0,0
688235,0.0,0
688236,1.7,2
688237,0.0,0
688238,0.0,0
688239,0.69,2
688244,0.15,1
688246,0.0,0
688247,0.28,1
688248,1.19,2
688249,0.0,0
688251,0.06,1
688252,0.0,0
688253,0.23,1
688255,0.6,2
688256,0.0,0
688257,1.39,6
688258,0.45,4
688259,0.52,2
688260,0.16,1
688261,1.22,2
688262,1.2,2
688265,0.2,1
688266,0.0,0
688267,0.86,2
688268,1.66,5
688269,3.76,8
688270,0.63,2
688271,1.66,1
688272,0.08,1
688273,1.3,2
688275,3.0,1
688276,1.03,2
688277,0.0,0
688278,1.58,4
688279,0.85,2
688280,0.0,0
688281,0.57,2
688282,1.03,2
688283,0.25,6
688285,1.39,3
688286,0.17,2
688287,0.62,3
688288,0.65,2
688289,17.96,7
688290,0.41,1
688291,0.34,2
688292,0.63,5
688293,0.73,2
688295,0.9,1
688296,0.64,5
688297,2.38,1
688298,16.07,4
688299,1.16,4
688300,2.41,9
688301,4.44,3
688302,0.0,0
688303,88.5,2
688305,0.0,0
688306,0.0,0
688307,0.18,1
688308,1.82,3
688309,0.11,2
688310,3.27,8
688311,0.81,2
688312,1.87,4
688313,0.5,3
688314,0.96,3
688315,0.43,2
688316,0.0,0
688317,11.08,9
688318,2.47,4
688319,0.0,0
688320,0.27,1
688321,0.0,0
688322,0.0,0
688323,0.25,2
688325,0.0,0
688326,0.0,0
688327,0.0,0
688328,0.46,3
688329,0.99,3
688330,3.2,3
688331,0.0,0
688332,1.2,2
688333,0.24,3
688334,0.0,0
688335,0.87,5
688336,0.0,0
688337,0.85,1
688338,0.74,3
688339,0.0,0
688343,0.0,0
688345,0.6,2
688347,0.0,0
688348,1.76,1
688349,5.11,1
688350,1.3,3
688351,0.0,0
688352,0.0,0
688353,1.1,1
688355,0.55,2
688356,1.35,3
688357,2.18,4
688358,2.62,4
688359,0.16,1
688360,0.98,6
688361,0.0,0
688362,0.43,1
688363,9.05,4
688365,0.7,2
688366,4.02,4
688367,0.67,5
688368,3.45,3
688369,1.31,4
688370,2.98,1
688371,0.0,0
688372,0.74,1
688373,0.0,0
688375,4.5,2
688376,0.13,1
688377,0.62,2
688378,2.86,3
688379,0.34,2
688380,1.8,1
688381,0.66,1
688382,0.0,0
688383,0.82,2
688385,1.63,2
688386,0.7,2
688387,0.0,0
688388,5.08,5
688389,3.02,4
688390,4.66,5
688391,1.62,3
688392,0.82,1
688393,0.64,3
688395,1.08,8
688396,6.26,4
688398,1.09,4
688399,10.84,4
688400,0.58,1
688401,0.37,3
688403,0.0,0
688408,0.76,3
688409,1.46,1
688410,0.29,1
688416,0.0,0
688418,0.14,1
688419,0.25,1
688420,0.31,1
688425,10.78,2
688426,0.49,1
688428,0.0,0
688429,0.0,0
688432,0.75,1
688433,0.0,0
688435,0.0,0
688439,0.76,1
688443,0.0,0
688448,0.32,1
688450,0.0,0
688455,0.36,1
688456,0.61,3
688458,0.0,0
688459,0.38,1
688466,0.21,3
688468,2.07,2
688469,0.0,0
688472,0.0,0
688475,1.69,1
688478,0.35,1
688479,3.0,5
688480,0.48,1
688484,0.85,1
688485,0.19,1
688486,0.21,1
688488,0.2,1
688489,0.33,1
688496,0.3,1
688498,0.39,1
688499,0.87,3
688500,0.07,1
688501,0.27,2
688502,0.37,1
688503,0.6,1
688505,1.97,3
688506,0.0,0
688507,0.06,1
688508,1.93,11
688509,0.27,3
688510,0.26,1
688511,0.5,1
688512,0.0,0
688513,1.97,3
688515,0.0,0
688516,5.96,7
688517,0.84,2
688518,1.19,4
688519,1.61,3
688520,0.0,0
688521,0.0,0
688522,0.77,1
688523,0.0,0
688525,0.0,0
688526,3.12,3
688528,0.35,2
688529,0.53,3
688531,0.25,2
688533,0.48,2
688535,0.16,1
688536,0.91,3
688538,0.0,0
688539,0.7,3
688543,0.0,0
688548,0.0,0
688549,0.0,0
688550,3.66,5
688551,0.64,3
688552,0.47,1
688553,2.79,3
688556,4.66,4
688557,0.78,3
688558,1.72,3
688559,0.4,1
688560,1.09,3
688561,0.0,0
688562,0.0,0
688563,0.59,1
688565,0.37,3
688566,2.69,6
688567,0.0,0
688568,1.39,3
688569,1.73,4
688570,0.0,0
688571,1.5,3
688573,0.0,0
688575,4.18,2
688576,0.06,1
688577,0.59,3
688578,0.0,0
688579,1.99,8
688580,2.16,4
688581,0.44,1
688582,0.24,1
688584,0.0,0
688585,0.41,2
688586,2.35,3
688588,4.96,9
688589,0.6,3
688590,0.69,2
688591,0.0,0
688592,0.36,7
688593,0.0,0
688595,0.69,3
688596,0.6,2
688597,0.75,3
688598,1.04,4
688599,21.17,4
688600,0.87,3
688601,1.18,3
688602,0.0,0
688603,0.0,0
688606,8.53,3
688607,0.56,2
688608,0.61,2
688609,0.48,2
688610,0.0,0
688611,1.03,2
688612,0.0,0
688613,0.51,2
688616,0.99,3
688617,2.09,3
688618,0.59,3
688619,0.25,2
688620,0.0,0
688621,0.69,2
688622,0.12,1
688623,0.0,0
688625,2.01,4
688626,1.57,3
688627,0.0,0
688628,1.25,3
688629,0.0,0
688630,0.24,1
688631,0.0,0
688633,1.08,3
688636,0.21,2
688638,0.0,0
688639,2.69,6
688646,0.0,0
688648,0.0,0
688651,0.01,1
688652,0.0,0
688653,0.0,0
688655,0.2,2
688656,0.71,3
688657,0.1,1
688658,10.03,3
688659,0.41,2
688660,1.53,1
688661,0.62,3
688662,0.88,3
688663,1.77,6
688665,1.81,3
688667,0.39,2
688668,1.63,3
688669,0.61,6
688670,0.62,2
688671,0.0,0
688676,2.77,3
688677,1.74,4
688678,1.79,5
688679,0.57,3
688680,1.52,9
688681,0.48,5
688682,0.67,3
688683,0.63,3
688685,0.34,1
688686,2.81,3
688687,1.01,3
688689,1.05,3
688690,0.7,2
688693,0.0,0
688696,3.8,3
688697,2.13,2
688698,0.99,3
688699,3.29,3
688700,1.53,3
688701,0.13,1
688702,0.0,0
688707,4.21,2
688709,0.0,0
688711,0.49,3
688716,0.5,4
688717,0.0,0
688718,0.0,0
688719,0.0,0
688720,0.0,0
688722,1.01,1
688728,0.8,1
688733,0.8,3
688737,0.36,2
688739,23.91,8
688766,0.39,2
688767,5.55,2
688768,0.41,2
688772,3.03,2
688776,0.5,1
688777,7.14,3
688778,2.76,2
688779,6.57,2
688786,1.03,2
688787,0.37,2
688788,1.36,2
688789,1.43,2
688793,0.71,3
688798,2.41,3
688799,1.5,2
688800,1.3,7
688819,17.49,3
688981,0.0,0
689009,0.0,0
